2026-03-04 16:55:23,355 [Worker-7: Loading available Gradle versions] INFO  o.e.b.c.i.u.g.PublishedGradleVersions - Gradle version information cache is up-to-date. Trying to read.
2026-03-04 16:57:48,741 [Worker-26: Creating project "jdbc-first"] INFO  o.e.m.c.i.l.LifecycleMappingFactory - Using org.eclipse.m2e.jdt.JarLifecycleMapping lifecycle mapping for MavenProject: com:jdbc-first:0.0.1-SNAPSHOT @ D:\JAVA_ADVANCE_QSP\jdbc-first\pom.xml.
2026-03-04 16:57:49,386 [Worker-26: Creating project "jdbc-first"] INFO  o.e.m.j.i.AbstractJavaProjectConfigurator - Adding source folder /jdbc-first/src/main/java
2026-03-04 16:57:49,389 [Worker-26: Creating project "jdbc-first"] INFO  o.e.m.j.i.AbstractJavaProjectConfigurator - Adding resource folder /jdbc-first/src/main/resources
2026-03-04 16:57:49,390 [Worker-26: Creating project "jdbc-first"] INFO  o.e.m.j.i.AbstractJavaProjectConfigurator - Adding source folder /jdbc-first/src/test/java
2026-03-04 16:57:49,391 [Worker-26: Creating project "jdbc-first"] INFO  o.e.m.j.i.AbstractJavaProjectConfigurator - Adding resource folder /jdbc-first/src/test/resources
2026-03-04 16:57:50,182 [Worker-12: Building] WARN  o.a.m.s.f.DefaultMavenResourcesFiltering - Using platform encoding (UTF-8 actually) to copy filtered resources, i.e. build is platform dependent!
2026-03-04 16:57:50,189 [Worker-12: Building] INFO  o.a.m.s.f.DefaultMavenResourcesFiltering - Copying 0 resource from src\main\resources to target\classes
2026-03-04 16:57:50,194 [Worker-12: Building] WARN  o.a.m.s.f.DefaultMavenResourcesFiltering - Using platform encoding (UTF-8 actually) to copy filtered resources, i.e. build is platform dependent!
2026-03-04 16:57:50,195 [Worker-12: Building] INFO  o.a.m.s.f.DefaultMavenResourcesFiltering - Copying 0 resource from src\test\resources to target\test-classes
2026-03-04 16:58:40,765 [Worker-12: Building] INFO  o.e.m.c.i.l.LifecycleMappingFactory - Using org.eclipse.m2e.jdt.JarLifecycleMapping lifecycle mapping for MavenProject: com:jdbc-first:0.0.1-SNAPSHOT @ D:\JAVA_ADVANCE_QSP\jdbc-first\pom.xml.
2026-03-04 16:58:40,785 [Worker-12: Building] WARN  o.e.m.c.i.embedder.EclipseLogger - The artifact mysql:mysql-connector-java:jar:8.0.33 has been relocated to com.mysql:mysql-connector-j:jar:8.0.33: MySQL Connector/J artifacts moved to reverse-DNS compliant Maven 2+ coordinates.
2026-03-04 16:58:40,924 [Worker-12: Building] WARN  o.a.m.s.f.DefaultMavenResourcesFiltering - Using platform encoding (UTF-8 actually) to copy filtered resources, i.e. build is platform dependent!
2026-03-04 16:58:40,927 [Worker-12: Building] INFO  o.a.m.s.f.DefaultMavenResourcesFiltering - Copying 0 resource from src\main\resources to target\classes
2026-03-04 16:58:40,932 [Worker-12: Building] WARN  o.a.m.s.f.DefaultMavenResourcesFiltering - Using platform encoding (UTF-8 actually) to copy filtered resources, i.e. build is platform dependent!
2026-03-04 16:58:40,933 [Worker-12: Building] INFO  o.a.m.s.f.DefaultMavenResourcesFiltering - Copying 0 resource from src\test\resources to target\test-classes
2026-03-04 16:58:42,267 [Worker-33: Building] WARN  o.a.m.s.f.DefaultMavenResourcesFiltering - Using platform encoding (UTF-8 actually) to copy filtered resources, i.e. build is platform dependent!
2026-03-04 16:58:42,268 [Worker-33: Building] INFO  o.a.m.s.f.DefaultMavenResourcesFiltering - Copying 0 resource from src\main\resources to target\classes
2026-03-04 16:58:42,270 [Worker-33: Building] WARN  o.a.m.s.f.DefaultMavenResourcesFiltering - Using platform encoding (UTF-8 actually) to copy filtered resources, i.e. build is platform dependent!
2026-03-04 16:58:42,271 [Worker-33: Building] INFO  o.a.m.s.f.DefaultMavenResourcesFiltering - Copying 0 resource from src\test\resources to target\test-classes
2026-03-05 06:50:51,817 [Worker-5: Loading available Gradle versions] INFO  o.e.b.c.i.u.g.PublishedGradleVersions - Gradle version information cache is up-to-date. Trying to read.
2026-03-05 06:50:52,464 [Worker-1: reload maven project] WARN  o.e.m.c.i.embedder.EclipseLogger - The artifact mysql:mysql-connector-java:jar:8.0.33 has been relocated to com.mysql:mysql-connector-j:jar:8.0.33: MySQL Connector/J artifacts moved to reverse-DNS compliant Maven 2+ coordinates.
2026-03-05 07:50:36,809 [Worker-32: Building] WARN  o.a.m.s.f.DefaultMavenResourcesFiltering - Using platform encoding (UTF-8 actually) to copy filtered resources, i.e. build is platform dependent!
2026-03-05 07:50:36,819 [Worker-32: Building] INFO  o.a.m.s.f.DefaultMavenResourcesFiltering - Copying 0 resource from src\main\resources to target\classes
2026-03-05 07:50:36,827 [Worker-32: Building] WARN  o.a.m.s.f.DefaultMavenResourcesFiltering - Using platform encoding (UTF-8 actually) to copy filtered resources, i.e. build is platform dependent!
2026-03-05 07:50:36,829 [Worker-32: Building] INFO  o.a.m.s.f.DefaultMavenResourcesFiltering - Copying 0 resource from src\test\resources to target\test-classes
2026-03-05 07:57:53,845 [Worker-47: Launching FirstStep] WARN  o.a.m.s.f.DefaultMavenResourcesFiltering - Using platform encoding (UTF-8 actually) to copy filtered resources, i.e. build is platform dependent!
2026-03-05 07:57:53,853 [Worker-47: Launching FirstStep] INFO  o.a.m.s.f.DefaultMavenResourcesFiltering - Copying 0 resource from src\main\resources to target\classes
2026-03-05 07:57:53,858 [Worker-47: Launching FirstStep] WARN  o.a.m.s.f.DefaultMavenResourcesFiltering - Using platform encoding (UTF-8 actually) to copy filtered resources, i.e. build is platform dependent!
2026-03-05 07:57:53,860 [Worker-47: Launching FirstStep] INFO  o.a.m.s.f.DefaultMavenResourcesFiltering - Copying 0 resource from src\test\resources to target\test-classes
2026-03-05 08:18:19,578 [Worker-50: Building] WARN  o.a.m.s.f.DefaultMavenResourcesFiltering - Using platform encoding (UTF-8 actually) to copy filtered resources, i.e. build is platform dependent!
2026-03-05 08:18:19,582 [Worker-50: Building] INFO  o.a.m.s.f.DefaultMavenResourcesFiltering - Copying 0 resource from src\main\resources to target\classes
2026-03-05 08:18:19,588 [Worker-50: Building] WARN  o.a.m.s.f.DefaultMavenResourcesFiltering - Using platform encoding (UTF-8 actually) to copy filtered resources, i.e. build is platform dependent!
2026-03-05 08:18:19,606 [Worker-50: Building] INFO  o.a.m.s.f.DefaultMavenResourcesFiltering - Copying 0 resource from src\test\resources to target\test-classes
2026-03-05 08:22:56,358 [Worker-48: Launching FirstStep2] WARN  o.a.m.s.f.DefaultMavenResourcesFiltering - Using platform encoding (UTF-8 actually) to copy filtered resources, i.e. build is platform dependent!
2026-03-05 08:22:56,360 [Worker-48: Launching FirstStep2] INFO  o.a.m.s.f.DefaultMavenResourcesFiltering - Copying 0 resource from src\main\resources to target\classes
2026-03-05 08:22:56,366 [Worker-48: Launching FirstStep2] WARN  o.a.m.s.f.DefaultMavenResourcesFiltering - Using platform encoding (UTF-8 actually) to copy filtered resources, i.e. build is platform dependent!
2026-03-05 08:22:56,367 [Worker-48: Launching FirstStep2] INFO  o.a.m.s.f.DefaultMavenResourcesFiltering - Copying 0 resource from src\test\resources to target\test-classes
2026-03-05 08:23:47,341 [Worker-52: Launching FirstStep2] WARN  o.a.m.s.f.DefaultMavenResourcesFiltering - Using platform encoding (UTF-8 actually) to copy filtered resources, i.e. build is platform dependent!
2026-03-05 08:23:47,342 [Worker-52: Launching FirstStep2] INFO  o.a.m.s.f.DefaultMavenResourcesFiltering - Copying 0 resource from src\main\resources to target\classes
2026-03-05 08:23:47,347 [Worker-52: Launching FirstStep2] WARN  o.a.m.s.f.DefaultMavenResourcesFiltering - Using platform encoding (UTF-8 actually) to copy filtered resources, i.e. build is platform dependent!
2026-03-05 08:23:47,349 [Worker-52: Launching FirstStep2] INFO  o.a.m.s.f.DefaultMavenResourcesFiltering - Copying 0 resource from src\test\resources to target\test-classes
2026-03-05 08:24:10,249 [Worker-50: Launching FirstStep2] WARN  o.a.m.s.f.DefaultMavenResourcesFiltering - Using platform encoding (UTF-8 actually) to copy filtered resources, i.e. build is platform dependent!
2026-03-05 08:24:10,252 [Worker-50: Launching FirstStep2] INFO  o.a.m.s.f.DefaultMavenResourcesFiltering - Copying 0 resource from src\main\resources to target\classes
2026-03-05 08:24:10,259 [Worker-50: Launching FirstStep2] WARN  o.a.m.s.f.DefaultMavenResourcesFiltering - Using platform encoding (UTF-8 actually) to copy filtered resources, i.e. build is platform dependent!
2026-03-05 08:24:10,261 [Worker-50: Launching FirstStep2] INFO  o.a.m.s.f.DefaultMavenResourcesFiltering - Copying 0 resource from src\test\resources to target\test-classes
2026-03-05 22:53:10,634 [Worker-58: Building] WARN  o.a.m.s.f.DefaultMavenResourcesFiltering - Using platform encoding (UTF-8 actually) to copy filtered resources, i.e. build is platform dependent!
2026-03-05 22:53:10,636 [Worker-58: Building] INFO  o.a.m.s.f.DefaultMavenResourcesFiltering - Copying 0 resource from src\main\resources to target\classes
2026-03-05 22:53:10,640 [Worker-58: Building] WARN  o.a.m.s.f.DefaultMavenResourcesFiltering - Using platform encoding (UTF-8 actually) to copy filtered resources, i.e. build is platform dependent!
2026-03-05 22:53:10,642 [Worker-58: Building] INFO  o.a.m.s.f.DefaultMavenResourcesFiltering - Copying 0 resource from src\test\resources to target\test-classes
2026-03-06 06:42:19,842 [Worker-5: Loading available Gradle versions] INFO  o.e.b.c.i.u.g.PublishedGradleVersions - Gradle version information cache is out-of-date. Trying to update.
2026-03-06 07:40:42,437 [Worker-41: Building] WARN  o.e.m.c.i.embedder.EclipseLogger - The artifact mysql:mysql-connector-java:jar:8.0.33 has been relocated to com.mysql:mysql-connector-j:jar:8.0.33: MySQL Connector/J artifacts moved to reverse-DNS compliant Maven 2+ coordinates.
2026-03-06 07:40:42,874 [Worker-41: Building] WARN  o.a.m.s.f.DefaultMavenResourcesFiltering - Using platform encoding (UTF-8 actually) to copy filtered resources, i.e. build is platform dependent!
2026-03-06 07:40:42,879 [Worker-41: Building] INFO  o.a.m.s.f.DefaultMavenResourcesFiltering - Copying 0 resource from src\main\resources to target\classes
2026-03-06 07:40:42,884 [Worker-41: Building] WARN  o.a.m.s.f.DefaultMavenResourcesFiltering - Using platform encoding (UTF-8 actually) to copy filtered resources, i.e. build is platform dependent!
2026-03-06 07:40:42,885 [Worker-41: Building] INFO  o.a.m.s.f.DefaultMavenResourcesFiltering - Copying 0 resource from src\test\resources to target\test-classes
2026-03-06 07:55:57,481 [Worker-50: Launching SecondStep] WARN  o.a.m.s.f.DefaultMavenResourcesFiltering - Using platform encoding (UTF-8 actually) to copy filtered resources, i.e. build is platform dependent!
2026-03-06 07:55:57,486 [Worker-50: Launching SecondStep] INFO  o.a.m.s.f.DefaultMavenResourcesFiltering - Copying 0 resource from src\main\resources to target\classes
2026-03-06 07:55:57,492 [Worker-50: Launching SecondStep] WARN  o.a.m.s.f.DefaultMavenResourcesFiltering - Using platform encoding (UTF-8 actually) to copy filtered resources, i.e. build is platform dependent!
2026-03-06 07:55:57,494 [Worker-50: Launching SecondStep] INFO  o.a.m.s.f.DefaultMavenResourcesFiltering - Copying 0 resource from src\test\resources to target\test-classes
2026-03-06 08:02:32,662 [Worker-51: Launching SecondStep] WARN  o.a.m.s.f.DefaultMavenResourcesFiltering - Using platform encoding (UTF-8 actually) to copy filtered resources, i.e. build is platform dependent!
2026-03-06 08:02:32,664 [Worker-51: Launching SecondStep] INFO  o.a.m.s.f.DefaultMavenResourcesFiltering - Copying 0 resource from src\main\resources to target\classes
2026-03-06 08:02:32,669 [Worker-51: Launching SecondStep] WARN  o.a.m.s.f.DefaultMavenResourcesFiltering - Using platform encoding (UTF-8 actually) to copy filtered resources, i.e. build is platform dependent!
2026-03-06 08:02:32,672 [Worker-51: Launching SecondStep] INFO  o.a.m.s.f.DefaultMavenResourcesFiltering - Copying 0 resource from src\test\resources to target\test-classes
2026-03-09 06:59:40,427 [Worker-5: Loading available Gradle versions] INFO  o.e.b.c.i.u.g.PublishedGradleVersions - Gradle version information cache is out-of-date. Trying to update.
2026-03-09 07:17:20,532 [Worker-42: Building] WARN  o.e.m.c.i.embedder.EclipseLogger - The artifact mysql:mysql-connector-java:jar:8.0.33 has been relocated to com.mysql:mysql-connector-j:jar:8.0.33: MySQL Connector/J artifacts moved to reverse-DNS compliant Maven 2+ coordinates.
2026-03-09 07:17:22,464 [Worker-42: Building] WARN  o.a.m.s.f.DefaultMavenResourcesFiltering - Using platform encoding (UTF-8 actually) to copy filtered resources, i.e. build is platform dependent!
2026-03-09 07:17:22,473 [Worker-42: Building] INFO  o.a.m.s.f.DefaultMavenResourcesFiltering - Copying 0 resource from src\main\resources to target\classes
2026-03-09 07:17:22,479 [Worker-42: Building] WARN  o.a.m.s.f.DefaultMavenResourcesFiltering - Using platform encoding (UTF-8 actually) to copy filtered resources, i.e. build is platform dependent!
2026-03-09 07:17:22,480 [Worker-42: Building] INFO  o.a.m.s.f.DefaultMavenResourcesFiltering - Copying 0 resource from src\test\resources to target\test-classes
2026-03-09 07:54:26,128 [Worker-46: Building] WARN  o.a.m.s.f.DefaultMavenResourcesFiltering - Using platform encoding (UTF-8 actually) to copy filtered resources, i.e. build is platform dependent!
2026-03-09 07:54:26,133 [Worker-46: Building] INFO  o.a.m.s.f.DefaultMavenResourcesFiltering - Copying 0 resource from src\main\resources to target\classes
2026-03-09 07:54:26,139 [Worker-46: Building] WARN  o.a.m.s.f.DefaultMavenResourcesFiltering - Using platform encoding (UTF-8 actually) to copy filtered resources, i.e. build is platform dependent!
2026-03-09 07:54:26,141 [Worker-46: Building] INFO  o.a.m.s.f.DefaultMavenResourcesFiltering - Copying 0 resource from src\test\resources to target\test-classes
2026-03-09 08:08:20,302 [Worker-57: Building] WARN  o.a.m.s.f.DefaultMavenResourcesFiltering - Using platform encoding (UTF-8 actually) to copy filtered resources, i.e. build is platform dependent!
2026-03-09 08:08:20,305 [Worker-57: Building] INFO  o.a.m.s.f.DefaultMavenResourcesFiltering - Copying 0 resource from src\main\resources to target\classes
2026-03-09 08:08:20,313 [Worker-57: Building] WARN  o.a.m.s.f.DefaultMavenResourcesFiltering - Using platform encoding (UTF-8 actually) to copy filtered resources, i.e. build is platform dependent!
2026-03-09 08:08:20,316 [Worker-57: Building] INFO  o.a.m.s.f.DefaultMavenResourcesFiltering - Copying 0 resource from src\test\resources to target\test-classes
2026-03-09 08:13:45,508 [Worker-59: Launching InsertData] WARN  o.a.m.s.f.DefaultMavenResourcesFiltering - Using platform encoding (UTF-8 actually) to copy filtered resources, i.e. build is platform dependent!
2026-03-09 08:13:45,511 [Worker-59: Launching InsertData] INFO  o.a.m.s.f.DefaultMavenResourcesFiltering - Copying 0 resource from src\main\resources to target\classes
2026-03-09 08:13:45,516 [Worker-59: Launching InsertData] WARN  o.a.m.s.f.DefaultMavenResourcesFiltering - Using platform encoding (UTF-8 actually) to copy filtered resources, i.e. build is platform dependent!
2026-03-09 08:13:45,519 [Worker-59: Launching InsertData] INFO  o.a.m.s.f.DefaultMavenResourcesFiltering - Copying 0 resource from src\test\resources to target\test-classes
2026-03-09 08:21:15,912 [Worker-64: Building] WARN  o.a.m.s.f.DefaultMavenResourcesFiltering - Using platform encoding (UTF-8 actually) to copy filtered resources, i.e. build is platform dependent!
2026-03-09 08:21:15,914 [Worker-64: Building] INFO  o.a.m.s.f.DefaultMavenResourcesFiltering - Copying 0 resource from src\main\resources to target\classes
2026-03-09 08:21:15,923 [Worker-64: Building] WARN  o.a.m.s.f.DefaultMavenResourcesFiltering - Using platform encoding (UTF-8 actually) to copy filtered resources, i.e. build is platform dependent!
2026-03-09 08:21:15,926 [Worker-64: Building] INFO  o.a.m.s.f.DefaultMavenResourcesFiltering - Copying 0 resource from src\test\resources to target\test-classes
2026-03-09 08:23:57,500 [Worker-65: Launching Insert5Rows] WARN  o.a.m.s.f.DefaultMavenResourcesFiltering - Using platform encoding (UTF-8 actually) to copy filtered resources, i.e. build is platform dependent!
2026-03-09 08:23:57,504 [Worker-65: Launching Insert5Rows] INFO  o.a.m.s.f.DefaultMavenResourcesFiltering - Copying 0 resource from src\main\resources to target\classes
2026-03-09 08:23:57,509 [Worker-65: Launching Insert5Rows] WARN  o.a.m.s.f.DefaultMavenResourcesFiltering - Using platform encoding (UTF-8 actually) to copy filtered resources, i.e. build is platform dependent!
2026-03-09 08:23:57,511 [Worker-65: Launching Insert5Rows] INFO  o.a.m.s.f.DefaultMavenResourcesFiltering - Copying 0 resource from src\test\resources to target\test-classes
2026-03-09 08:25:44,728 [Worker-64: Launching Insert5Rows] WARN  o.a.m.s.f.DefaultMavenResourcesFiltering - Using platform encoding (UTF-8 actually) to copy filtered resources, i.e. build is platform dependent!
2026-03-09 08:25:44,729 [Worker-64: Launching Insert5Rows] INFO  o.a.m.s.f.DefaultMavenResourcesFiltering - Copying 0 resource from src\main\resources to target\classes
2026-03-09 08:25:44,733 [Worker-64: Launching Insert5Rows] WARN  o.a.m.s.f.DefaultMavenResourcesFiltering - Using platform encoding (UTF-8 actually) to copy filtered resources, i.e. build is platform dependent!
2026-03-09 08:25:44,734 [Worker-64: Launching Insert5Rows] INFO  o.a.m.s.f.DefaultMavenResourcesFiltering - Copying 0 resource from src\test\resources to target\test-classes
2026-03-09 08:27:12,799 [Worker-68: Building] WARN  o.a.m.s.f.DefaultMavenResourcesFiltering - Using platform encoding (UTF-8 actually) to copy filtered resources, i.e. build is platform dependent!
2026-03-09 08:27:12,802 [Worker-68: Building] INFO  o.a.m.s.f.DefaultMavenResourcesFiltering - Copying 0 resource from src\main\resources to target\classes
2026-03-09 08:27:12,807 [Worker-68: Building] WARN  o.a.m.s.f.DefaultMavenResourcesFiltering - Using platform encoding (UTF-8 actually) to copy filtered resources, i.e. build is platform dependent!
2026-03-09 08:27:12,811 [Worker-68: Building] INFO  o.a.m.s.f.DefaultMavenResourcesFiltering - Copying 0 resource from src\test\resources to target\test-classes
2026-03-09 08:28:32,332 [Worker-64: Launching Insert5Rows] WARN  o.a.m.s.f.DefaultMavenResourcesFiltering - Using platform encoding (UTF-8 actually) to copy filtered resources, i.e. build is platform dependent!
2026-03-09 08:28:32,335 [Worker-64: Launching Insert5Rows] INFO  o.a.m.s.f.DefaultMavenResourcesFiltering - Copying 0 resource from src\main\resources to target\classes
2026-03-09 08:28:32,342 [Worker-64: Launching Insert5Rows] WARN  o.a.m.s.f.DefaultMavenResourcesFiltering - Using platform encoding (UTF-8 actually) to copy filtered resources, i.e. build is platform dependent!
2026-03-09 08:28:32,343 [Worker-64: Launching Insert5Rows] INFO  o.a.m.s.f.DefaultMavenResourcesFiltering - Copying 0 resource from src\test\resources to target\test-classes
2026-03-09 08:28:47,362 [Worker-66: Launching Insert5Rows] WARN  o.a.m.s.f.DefaultMavenResourcesFiltering - Using platform encoding (UTF-8 actually) to copy filtered resources, i.e. build is platform dependent!
2026-03-09 08:28:47,364 [Worker-66: Launching Insert5Rows] INFO  o.a.m.s.f.DefaultMavenResourcesFiltering - Copying 0 resource from src\main\resources to target\classes
2026-03-09 08:28:47,368 [Worker-66: Launching Insert5Rows] WARN  o.a.m.s.f.DefaultMavenResourcesFiltering - Using platform encoding (UTF-8 actually) to copy filtered resources, i.e. build is platform dependent!
2026-03-09 08:28:47,371 [Worker-66: Launching Insert5Rows] INFO  o.a.m.s.f.DefaultMavenResourcesFiltering - Copying 0 resource from src\test\resources to target\test-classes
2026-03-09 08:36:15,474 [Worker-69: Building] WARN  o.a.m.s.f.DefaultMavenResourcesFiltering - Using platform encoding (UTF-8 actually) to copy filtered resources, i.e. build is platform dependent!
2026-03-09 08:36:15,477 [Worker-69: Building] INFO  o.a.m.s.f.DefaultMavenResourcesFiltering - Copying 0 resource from src\main\resources to target\classes
2026-03-09 08:36:15,482 [Worker-69: Building] WARN  o.a.m.s.f.DefaultMavenResourcesFiltering - Using platform encoding (UTF-8 actually) to copy filtered resources, i.e. build is platform dependent!
2026-03-09 08:36:15,492 [Worker-69: Building] INFO  o.a.m.s.f.DefaultMavenResourcesFiltering - Copying 0 resource from src\test\resources to target\test-classes
2026-03-09 08:37:49,845 [Worker-69: Launching UpdateData] WARN  o.a.m.s.f.DefaultMavenResourcesFiltering - Using platform encoding (UTF-8 actually) to copy filtered resources, i.e. build is platform dependent!
2026-03-09 08:37:49,848 [Worker-69: Launching UpdateData] INFO  o.a.m.s.f.DefaultMavenResourcesFiltering - Copying 0 resource from src\main\resources to target\classes
2026-03-09 08:37:49,852 [Worker-69: Launching UpdateData] WARN  o.a.m.s.f.DefaultMavenResourcesFiltering - Using platform encoding (UTF-8 actually) to copy filtered resources, i.e. build is platform dependent!
2026-03-09 08:37:49,854 [Worker-69: Launching UpdateData] INFO  o.a.m.s.f.DefaultMavenResourcesFiltering - Copying 0 resource from src\test\resources to target\test-classes
2026-03-09 08:38:27,651 [Worker-61: Building] WARN  o.a.m.s.f.DefaultMavenResourcesFiltering - Using platform encoding (UTF-8 actually) to copy filtered resources, i.e. build is platform dependent!
2026-03-09 08:38:27,654 [Worker-61: Building] INFO  o.a.m.s.f.DefaultMavenResourcesFiltering - Copying 0 resource from src\main\resources to target\classes
2026-03-09 08:38:27,663 [Worker-61: Building] WARN  o.a.m.s.f.DefaultMavenResourcesFiltering - Using platform encoding (UTF-8 actually) to copy filtered resources, i.e. build is platform dependent!
2026-03-09 08:38:27,666 [Worker-61: Building] INFO  o.a.m.s.f.DefaultMavenResourcesFiltering - Copying 0 resource from src\test\resources to target\test-classes
2026-03-09 08:43:39,338 [Worker-71: Launching UpdateData] WARN  o.a.m.s.f.DefaultMavenResourcesFiltering - Using platform encoding (UTF-8 actually) to copy filtered resources, i.e. build is platform dependent!
2026-03-09 08:43:39,341 [Worker-71: Launching UpdateData] INFO  o.a.m.s.f.DefaultMavenResourcesFiltering - Copying 0 resource from src\main\resources to target\classes
2026-03-09 08:43:39,347 [Worker-71: Launching UpdateData] WARN  o.a.m.s.f.DefaultMavenResourcesFiltering - Using platform encoding (UTF-8 actually) to copy filtered resources, i.e. build is platform dependent!
2026-03-09 08:43:39,350 [Worker-71: Launching UpdateData] INFO  o.a.m.s.f.DefaultMavenResourcesFiltering - Copying 0 resource from src\test\resources to target\test-classes
2026-03-09 08:44:20,721 [Worker-75: Building] WARN  o.a.m.s.f.DefaultMavenResourcesFiltering - Using platform encoding (UTF-8 actually) to copy filtered resources, i.e. build is platform dependent!
2026-03-09 08:44:20,724 [Worker-75: Building] INFO  o.a.m.s.f.DefaultMavenResourcesFiltering - Copying 0 resource from src\main\resources to target\classes
2026-03-09 08:44:20,730 [Worker-75: Building] WARN  o.a.m.s.f.DefaultMavenResourcesFiltering - Using platform encoding (UTF-8 actually) to copy filtered resources, i.e. build is platform dependent!
2026-03-09 08:44:20,732 [Worker-75: Building] INFO  o.a.m.s.f.DefaultMavenResourcesFiltering - Copying 0 resource from src\test\resources to target\test-classes
2026-03-09 08:44:58,375 [Worker-73: Building] WARN  o.a.m.s.f.DefaultMavenResourcesFiltering - Using platform encoding (UTF-8 actually) to copy filtered resources, i.e. build is platform dependent!
2026-03-09 08:44:58,378 [Worker-73: Building] INFO  o.a.m.s.f.DefaultMavenResourcesFiltering - Copying 0 resource from src\main\resources to target\classes
2026-03-09 08:44:58,386 [Worker-73: Building] WARN  o.a.m.s.f.DefaultMavenResourcesFiltering - Using platform encoding (UTF-8 actually) to copy filtered resources, i.e. build is platform dependent!
2026-03-09 08:44:58,388 [Worker-73: Building] INFO  o.a.m.s.f.DefaultMavenResourcesFiltering - Copying 0 resource from src\test\resources to target\test-classes
2026-03-09 08:45:25,442 [Worker-71: Building] WARN  o.a.m.s.f.DefaultMavenResourcesFiltering - Using platform encoding (UTF-8 actually) to copy filtered resources, i.e. build is platform dependent!
2026-03-09 08:45:25,444 [Worker-71: Building] INFO  o.a.m.s.f.DefaultMavenResourcesFiltering - Copying 0 resource from src\main\resources to target\classes
2026-03-09 08:45:25,450 [Worker-71: Building] WARN  o.a.m.s.f.DefaultMavenResourcesFiltering - Using platform encoding (UTF-8 actually) to copy filtered resources, i.e. build is platform dependent!
2026-03-09 08:45:25,453 [Worker-71: Building] INFO  o.a.m.s.f.DefaultMavenResourcesFiltering - Copying 0 resource from src\test\resources to target\test-classes
2026-03-09 08:45:30,873 [Worker-75: Launching UpdateData] WARN  o.a.m.s.f.DefaultMavenResourcesFiltering - Using platform encoding (UTF-8 actually) to copy filtered resources, i.e. build is platform dependent!
2026-03-09 08:45:30,876 [Worker-75: Launching UpdateData] INFO  o.a.m.s.f.DefaultMavenResourcesFiltering - Copying 0 resource from src\main\resources to target\classes
2026-03-09 08:45:30,882 [Worker-75: Launching UpdateData] WARN  o.a.m.s.f.DefaultMavenResourcesFiltering - Using platform encoding (UTF-8 actually) to copy filtered resources, i.e. build is platform dependent!
2026-03-09 08:45:30,884 [Worker-75: Launching UpdateData] INFO  o.a.m.s.f.DefaultMavenResourcesFiltering - Copying 0 resource from src\test\resources to target\test-classes
2026-03-09 08:47:43,790 [Worker-73: Launching UpdateData] WARN  o.a.m.s.f.DefaultMavenResourcesFiltering - Using platform encoding (UTF-8 actually) to copy filtered resources, i.e. build is platform dependent!
2026-03-09 08:47:43,792 [Worker-73: Launching UpdateData] INFO  o.a.m.s.f.DefaultMavenResourcesFiltering - Copying 0 resource from src\main\resources to target\classes
2026-03-09 08:47:43,798 [Worker-73: Launching UpdateData] WARN  o.a.m.s.f.DefaultMavenResourcesFiltering - Using platform encoding (UTF-8 actually) to copy filtered resources, i.e. build is platform dependent!
2026-03-09 08:47:43,800 [Worker-73: Launching UpdateData] INFO  o.a.m.s.f.DefaultMavenResourcesFiltering - Copying 0 resource from src\test\resources to target\test-classes
2026-03-09 08:51:02,709 [Worker-80: Launching Insert5Rows] WARN  o.a.m.s.f.DefaultMavenResourcesFiltering - Using platform encoding (UTF-8 actually) to copy filtered resources, i.e. build is platform dependent!
2026-03-09 08:51:02,711 [Worker-80: Launching Insert5Rows] INFO  o.a.m.s.f.DefaultMavenResourcesFiltering - Copying 0 resource from src\main\resources to target\classes
2026-03-09 08:51:02,716 [Worker-80: Launching Insert5Rows] WARN  o.a.m.s.f.DefaultMavenResourcesFiltering - Using platform encoding (UTF-8 actually) to copy filtered resources, i.e. build is platform dependent!
2026-03-09 08:51:02,719 [Worker-80: Launching Insert5Rows] INFO  o.a.m.s.f.DefaultMavenResourcesFiltering - Copying 0 resource from src\test\resources to target\test-classes
2026-03-10 07:00:18,258 [Worker-98: Building] WARN  o.a.m.s.f.DefaultMavenResourcesFiltering - Using platform encoding (UTF-8 actually) to copy filtered resources, i.e. build is platform dependent!
2026-03-10 07:00:18,274 [Worker-98: Building] INFO  o.a.m.s.f.DefaultMavenResourcesFiltering - Copying 0 resource from src\main\resources to target\classes
2026-03-10 07:00:18,283 [Worker-98: Building] WARN  o.a.m.s.f.DefaultMavenResourcesFiltering - Using platform encoding (UTF-8 actually) to copy filtered resources, i.e. build is platform dependent!
2026-03-10 07:00:18,285 [Worker-98: Building] INFO  o.a.m.s.f.DefaultMavenResourcesFiltering - Copying 0 resource from src\test\resources to target\test-classes
2026-03-11 07:16:31,402 [Worker-3: Loading available Gradle versions] INFO  o.e.b.c.i.u.g.PublishedGradleVersions - Gradle version information cache is out-of-date. Trying to update.
2026-03-11 07:16:42,902 [Worker-9: reload maven project] WARN  o.e.m.c.i.embedder.EclipseLogger - The artifact mysql:mysql-connector-java:jar:8.0.33 has been relocated to com.mysql:mysql-connector-j:jar:8.0.33: MySQL Connector/J artifacts moved to reverse-DNS compliant Maven 2+ coordinates.
2026-03-11 07:17:24,324 [Worker-5: Building] WARN  o.a.m.s.f.DefaultMavenResourcesFiltering - Using platform encoding (UTF-8 actually) to copy filtered resources, i.e. build is platform dependent!
2026-03-11 07:17:24,332 [Worker-5: Building] INFO  o.a.m.s.f.DefaultMavenResourcesFiltering - Copying 0 resource from src\main\resources to target\classes
2026-03-11 07:17:24,338 [Worker-5: Building] WARN  o.a.m.s.f.DefaultMavenResourcesFiltering - Using platform encoding (UTF-8 actually) to copy filtered resources, i.e. build is platform dependent!
2026-03-11 07:17:24,340 [Worker-5: Building] INFO  o.a.m.s.f.DefaultMavenResourcesFiltering - Copying 0 resource from src\test\resources to target\test-classes
2026-03-11 07:19:16,456 [Worker-25: Launching Fetch1Row] WARN  o.a.m.s.f.DefaultMavenResourcesFiltering - Using platform encoding (UTF-8 actually) to copy filtered resources, i.e. build is platform dependent!
2026-03-11 07:19:16,463 [Worker-25: Launching Fetch1Row] INFO  o.a.m.s.f.DefaultMavenResourcesFiltering - Copying 0 resource from src\main\resources to target\classes
2026-03-11 07:19:16,468 [Worker-25: Launching Fetch1Row] WARN  o.a.m.s.f.DefaultMavenResourcesFiltering - Using platform encoding (UTF-8 actually) to copy filtered resources, i.e. build is platform dependent!
2026-03-11 07:19:16,470 [Worker-25: Launching Fetch1Row] INFO  o.a.m.s.f.DefaultMavenResourcesFiltering - Copying 0 resource from src\test\resources to target\test-classes
2026-03-11 07:19:52,994 [Worker-3: Launching Fetch1Row] WARN  o.a.m.s.f.DefaultMavenResourcesFiltering - Using platform encoding (UTF-8 actually) to copy filtered resources, i.e. build is platform dependent!
2026-03-11 07:19:53,000 [Worker-3: Launching Fetch1Row] INFO  o.a.m.s.f.DefaultMavenResourcesFiltering - Copying 0 resource from src\main\resources to target\classes
2026-03-11 07:19:53,008 [Worker-3: Launching Fetch1Row] WARN  o.a.m.s.f.DefaultMavenResourcesFiltering - Using platform encoding (UTF-8 actually) to copy filtered resources, i.e. build is platform dependent!
2026-03-11 07:19:53,012 [Worker-3: Launching Fetch1Row] INFO  o.a.m.s.f.DefaultMavenResourcesFiltering - Copying 0 resource from src\test\resources to target\test-classes
2026-03-11 07:22:55,440 [Worker-17: Launching Fetch1Row] WARN  o.a.m.s.f.DefaultMavenResourcesFiltering - Using platform encoding (UTF-8 actually) to copy filtered resources, i.e. build is platform dependent!
2026-03-11 07:22:55,443 [Worker-17: Launching Fetch1Row] INFO  o.a.m.s.f.DefaultMavenResourcesFiltering - Copying 0 resource from src\main\resources to target\classes
2026-03-11 07:22:55,450 [Worker-17: Launching Fetch1Row] WARN  o.a.m.s.f.DefaultMavenResourcesFiltering - Using platform encoding (UTF-8 actually) to copy filtered resources, i.e. build is platform dependent!
2026-03-11 07:22:55,475 [Worker-17: Launching Fetch1Row] INFO  o.a.m.s.f.DefaultMavenResourcesFiltering - Copying 0 resource from src\test\resources to target\test-classes
2026-03-11 07:37:38,020 [Worker-31: Launching Fetch1Row] WARN  o.a.m.s.f.DefaultMavenResourcesFiltering - Using platform encoding (UTF-8 actually) to copy filtered resources, i.e. build is platform dependent!
2026-03-11 07:37:38,025 [Worker-31: Launching Fetch1Row] INFO  o.a.m.s.f.DefaultMavenResourcesFiltering - Copying 0 resource from src\main\resources to target\classes
2026-03-11 07:37:38,032 [Worker-31: Launching Fetch1Row] WARN  o.a.m.s.f.DefaultMavenResourcesFiltering - Using platform encoding (UTF-8 actually) to copy filtered resources, i.e. build is platform dependent!
2026-03-11 07:37:38,034 [Worker-31: Launching Fetch1Row] INFO  o.a.m.s.f.DefaultMavenResourcesFiltering - Copying 0 resource from src\test\resources to target\test-classes
2026-03-11 07:45:40,615 [Worker-44: Launching Fetch1Row] WARN  o.a.m.s.f.DefaultMavenResourcesFiltering - Using platform encoding (UTF-8 actually) to copy filtered resources, i.e. build is platform dependent!
2026-03-11 07:45:40,616 [Worker-44: Launching Fetch1Row] INFO  o.a.m.s.f.DefaultMavenResourcesFiltering - Copying 0 resource from src\main\resources to target\classes
2026-03-11 07:45:40,620 [Worker-44: Launching Fetch1Row] WARN  o.a.m.s.f.DefaultMavenResourcesFiltering - Using platform encoding (UTF-8 actually) to copy filtered resources, i.e. build is platform dependent!
2026-03-11 07:45:40,623 [Worker-44: Launching Fetch1Row] INFO  o.a.m.s.f.DefaultMavenResourcesFiltering - Copying 0 resource from src\test\resources to target\test-classes
2026-03-11 07:49:47,334 [Worker-42: Launching Fetch1Row] WARN  o.a.m.s.f.DefaultMavenResourcesFiltering - Using platform encoding (UTF-8 actually) to copy filtered resources, i.e. build is platform dependent!
2026-03-11 07:49:47,336 [Worker-42: Launching Fetch1Row] INFO  o.a.m.s.f.DefaultMavenResourcesFiltering - Copying 0 resource from src\main\resources to target\classes
2026-03-11 07:49:47,343 [Worker-42: Launching Fetch1Row] WARN  o.a.m.s.f.DefaultMavenResourcesFiltering - Using platform encoding (UTF-8 actually) to copy filtered resources, i.e. build is platform dependent!
2026-03-11 07:49:47,346 [Worker-42: Launching Fetch1Row] INFO  o.a.m.s.f.DefaultMavenResourcesFiltering - Copying 0 resource from src\test\resources to target\test-classes
2026-03-11 07:50:11,860 [Worker-42: Building] WARN  o.a.m.s.f.DefaultMavenResourcesFiltering - Using platform encoding (UTF-8 actually) to copy filtered resources, i.e. build is platform dependent!
2026-03-11 07:50:11,863 [Worker-42: Building] INFO  o.a.m.s.f.DefaultMavenResourcesFiltering - Copying 0 resource from src\main\resources to target\classes
2026-03-11 07:50:11,870 [Worker-42: Building] WARN  o.a.m.s.f.DefaultMavenResourcesFiltering - Using platform encoding (UTF-8 actually) to copy filtered resources, i.e. build is platform dependent!
2026-03-11 07:50:11,873 [Worker-42: Building] INFO  o.a.m.s.f.DefaultMavenResourcesFiltering - Copying 0 resource from src\test\resources to target\test-classes
2026-03-11 07:51:22,762 [Worker-44: Launching Fetch1Row] WARN  o.a.m.s.f.DefaultMavenResourcesFiltering - Using platform encoding (UTF-8 actually) to copy filtered resources, i.e. build is platform dependent!
2026-03-11 07:51:22,767 [Worker-44: Launching Fetch1Row] INFO  o.a.m.s.f.DefaultMavenResourcesFiltering - Copying 0 resource from src\main\resources to target\classes
2026-03-11 07:51:22,777 [Worker-44: Launching Fetch1Row] WARN  o.a.m.s.f.DefaultMavenResourcesFiltering - Using platform encoding (UTF-8 actually) to copy filtered resources, i.e. build is platform dependent!
2026-03-11 07:51:22,780 [Worker-44: Launching Fetch1Row] INFO  o.a.m.s.f.DefaultMavenResourcesFiltering - Copying 0 resource from src\test\resources to target\test-classes
2026-03-11 07:52:07,491 [Worker-45: Launching FetchAllRows] WARN  o.a.m.s.f.DefaultMavenResourcesFiltering - Using platform encoding (UTF-8 actually) to copy filtered resources, i.e. build is platform dependent!
2026-03-11 07:52:07,494 [Worker-45: Launching FetchAllRows] INFO  o.a.m.s.f.DefaultMavenResourcesFiltering - Copying 0 resource from src\main\resources to target\classes
2026-03-11 07:52:07,503 [Worker-45: Launching FetchAllRows] WARN  o.a.m.s.f.DefaultMavenResourcesFiltering - Using platform encoding (UTF-8 actually) to copy filtered resources, i.e. build is platform dependent!
2026-03-11 07:52:07,505 [Worker-45: Launching FetchAllRows] INFO  o.a.m.s.f.DefaultMavenResourcesFiltering - Copying 0 resource from src\test\resources to target\test-classes
2026-03-11 07:52:36,492 [Worker-45: Launching FetchAllRows] WARN  o.a.m.s.f.DefaultMavenResourcesFiltering - Using platform encoding (UTF-8 actually) to copy filtered resources, i.e. build is platform dependent!
2026-03-11 07:52:36,495 [Worker-45: Launching FetchAllRows] INFO  o.a.m.s.f.DefaultMavenResourcesFiltering - Copying 0 resource from src\main\resources to target\classes
2026-03-11 07:52:36,499 [Worker-45: Launching FetchAllRows] WARN  o.a.m.s.f.DefaultMavenResourcesFiltering - Using platform encoding (UTF-8 actually) to copy filtered resources, i.e. build is platform dependent!
2026-03-11 07:52:36,501 [Worker-45: Launching FetchAllRows] INFO  o.a.m.s.f.DefaultMavenResourcesFiltering - Copying 0 resource from src\test\resources to target\test-classes
2026-03-11 08:08:24,802 [Worker-47: Creating project "jdbc-second"] INFO  o.e.m.c.i.l.LifecycleMappingFactory - Using org.eclipse.m2e.jdt.JarLifecycleMapping lifecycle mapping for MavenProject: com:jdbc-second:0.0.1-SNAPSHOT @ D:\JAVA_ADVANCE_QSP\jdbc-second\pom.xml.
2026-03-11 08:08:25,339 [Worker-47: Creating project "jdbc-second"] INFO  o.e.m.j.i.AbstractJavaProjectConfigurator - Adding source folder /jdbc-second/src/main/java
2026-03-11 08:08:25,341 [Worker-47: Creating project "jdbc-second"] INFO  o.e.m.j.i.AbstractJavaProjectConfigurator - Adding resource folder /jdbc-second/src/main/resources
2026-03-11 08:08:25,344 [Worker-47: Creating project "jdbc-second"] INFO  o.e.m.j.i.AbstractJavaProjectConfigurator - Adding source folder /jdbc-second/src/test/java
2026-03-11 08:08:25,344 [Worker-47: Creating project "jdbc-second"] INFO  o.e.m.j.i.AbstractJavaProjectConfigurator - Adding resource folder /jdbc-second/src/test/resources
2026-03-11 08:08:25,674 [Worker-48: Building] WARN  o.a.m.s.f.DefaultMavenResourcesFiltering - Using platform encoding (UTF-8 actually) to copy filtered resources, i.e. build is platform dependent!
2026-03-11 08:08:25,676 [Worker-48: Building] INFO  o.a.m.s.f.DefaultMavenResourcesFiltering - Copying 0 resource from src\main\resources to target\classes
2026-03-11 08:08:25,679 [Worker-48: Building] WARN  o.a.m.s.f.DefaultMavenResourcesFiltering - Using platform encoding (UTF-8 actually) to copy filtered resources, i.e. build is platform dependent!
2026-03-11 08:08:25,680 [Worker-48: Building] INFO  o.a.m.s.f.DefaultMavenResourcesFiltering - Copying 0 resource from src\test\resources to target\test-classes
2026-03-11 08:09:05,030 [Worker-49: Building] INFO  o.e.m.c.i.l.LifecycleMappingFactory - Using org.eclipse.m2e.jdt.JarLifecycleMapping lifecycle mapping for MavenProject: com:jdbc-second:0.0.1-SNAPSHOT @ D:\JAVA_ADVANCE_QSP\jdbc-second\pom.xml.
2026-03-11 08:09:05,079 [Worker-49: Building] WARN  o.e.m.c.i.embedder.EclipseLogger - The artifact mysql:mysql-connector-java:jar:8.0.33 has been relocated to com.mysql:mysql-connector-j:jar:8.0.33: MySQL Connector/J artifacts moved to reverse-DNS compliant Maven 2+ coordinates.
2026-03-11 08:09:05,178 [Worker-49: Building] WARN  o.a.m.s.f.DefaultMavenResourcesFiltering - Using platform encoding (UTF-8 actually) to copy filtered resources, i.e. build is platform dependent!
2026-03-11 08:09:05,181 [Worker-49: Building] INFO  o.a.m.s.f.DefaultMavenResourcesFiltering - Copying 0 resource from src\main\resources to target\classes
2026-03-11 08:09:05,188 [Worker-49: Building] WARN  o.a.m.s.f.DefaultMavenResourcesFiltering - Using platform encoding (UTF-8 actually) to copy filtered resources, i.e. build is platform dependent!
2026-03-11 08:09:05,191 [Worker-49: Building] INFO  o.a.m.s.f.DefaultMavenResourcesFiltering - Copying 0 resource from src\test\resources to target\test-classes
2026-03-11 08:09:06,342 [Worker-46: Building] WARN  o.a.m.s.f.DefaultMavenResourcesFiltering - Using platform encoding (UTF-8 actually) to copy filtered resources, i.e. build is platform dependent!
2026-03-11 08:09:06,344 [Worker-46: Building] INFO  o.a.m.s.f.DefaultMavenResourcesFiltering - Copying 0 resource from src\main\resources to target\classes
2026-03-11 08:09:06,347 [Worker-46: Building] WARN  o.a.m.s.f.DefaultMavenResourcesFiltering - Using platform encoding (UTF-8 actually) to copy filtered resources, i.e. build is platform dependent!
2026-03-11 08:09:06,349 [Worker-46: Building] INFO  o.a.m.s.f.DefaultMavenResourcesFiltering - Copying 0 resource from src\test\resources to target\test-classes
2026-03-11 08:10:29,133 [Worker-46: Building] WARN  o.a.m.s.f.DefaultMavenResourcesFiltering - Using platform encoding (UTF-8 actually) to copy filtered resources, i.e. build is platform dependent!
2026-03-11 08:10:29,134 [Worker-46: Building] INFO  o.a.m.s.f.DefaultMavenResourcesFiltering - Copying 0 resource from src\main\resources to target\classes
2026-03-11 08:10:29,139 [Worker-46: Building] WARN  o.a.m.s.f.DefaultMavenResourcesFiltering - Using platform encoding (UTF-8 actually) to copy filtered resources, i.e. build is platform dependent!
2026-03-11 08:10:29,143 [Worker-46: Building] INFO  o.a.m.s.f.DefaultMavenResourcesFiltering - Copying 0 resource from src\test\resources to target\test-classes
2026-03-11 08:13:30,311 [Worker-47: Launching Task] INFO  o.e.m.c.i.l.LifecycleMappingFactory - Using org.eclipse.m2e.jdt.JarLifecycleMapping lifecycle mapping for MavenProject: com:jdbc-second:0.0.1-SNAPSHOT @ D:\JAVA_ADVANCE_QSP\jdbc-second\pom.xml.
2026-03-11 08:13:30,328 [Worker-47: Launching Task] WARN  o.e.m.c.i.embedder.EclipseLogger - The artifact mysql:mysql-connector-java:jar:8.0.33 has been relocated to com.mysql:mysql-connector-j:jar:8.0.33: MySQL Connector/J artifacts moved to reverse-DNS compliant Maven 2+ coordinates.
2026-03-11 08:13:30,379 [Worker-47: Launching Task] WARN  o.a.m.s.f.DefaultMavenResourcesFiltering - Using platform encoding (UTF-8 actually) to copy filtered resources, i.e. build is platform dependent!
2026-03-11 08:13:30,380 [Worker-47: Launching Task] INFO  o.a.m.s.f.DefaultMavenResourcesFiltering - Copying 0 resource from src\main\resources to target\classes
2026-03-11 08:13:30,383 [Worker-47: Launching Task] WARN  o.a.m.s.f.DefaultMavenResourcesFiltering - Using platform encoding (UTF-8 actually) to copy filtered resources, i.e. build is platform dependent!
2026-03-11 08:13:30,384 [Worker-47: Launching Task] INFO  o.a.m.s.f.DefaultMavenResourcesFiltering - Copying 0 resource from src\test\resources to target\test-classes
2026-03-11 08:13:48,005 [Worker-42: Launching Task] WARN  o.a.m.s.f.DefaultMavenResourcesFiltering - Using platform encoding (UTF-8 actually) to copy filtered resources, i.e. build is platform dependent!
2026-03-11 08:13:48,007 [Worker-42: Launching Task] INFO  o.a.m.s.f.DefaultMavenResourcesFiltering - Copying 0 resource from src\main\resources to target\classes
2026-03-11 08:13:48,014 [Worker-42: Launching Task] WARN  o.a.m.s.f.DefaultMavenResourcesFiltering - Using platform encoding (UTF-8 actually) to copy filtered resources, i.e. build is platform dependent!
2026-03-11 08:13:48,016 [Worker-42: Launching Task] INFO  o.a.m.s.f.DefaultMavenResourcesFiltering - Copying 0 resource from src\test\resources to target\test-classes
2026-03-11 08:16:36,801 [Worker-52: Launching Task] WARN  o.a.m.s.f.DefaultMavenResourcesFiltering - Using platform encoding (UTF-8 actually) to copy filtered resources, i.e. build is platform dependent!
2026-03-11 08:16:36,803 [Worker-52: Launching Task] INFO  o.a.m.s.f.DefaultMavenResourcesFiltering - Copying 0 resource from src\main\resources to target\classes
2026-03-11 08:16:36,810 [Worker-52: Launching Task] WARN  o.a.m.s.f.DefaultMavenResourcesFiltering - Using platform encoding (UTF-8 actually) to copy filtered resources, i.e. build is platform dependent!
2026-03-11 08:16:36,813 [Worker-52: Launching Task] INFO  o.a.m.s.f.DefaultMavenResourcesFiltering - Copying 0 resource from src\test\resources to target\test-classes
2026-03-11 08:19:39,101 [Worker-51: Launching Task] WARN  o.a.m.s.f.DefaultMavenResourcesFiltering - Using platform encoding (UTF-8 actually) to copy filtered resources, i.e. build is platform dependent!
2026-03-11 08:19:39,105 [Worker-51: Launching Task] INFO  o.a.m.s.f.DefaultMavenResourcesFiltering - Copying 0 resource from src\main\resources to target\classes
2026-03-11 08:19:39,110 [Worker-51: Launching Task] WARN  o.a.m.s.f.DefaultMavenResourcesFiltering - Using platform encoding (UTF-8 actually) to copy filtered resources, i.e. build is platform dependent!
2026-03-11 08:19:39,112 [Worker-51: Launching Task] INFO  o.a.m.s.f.DefaultMavenResourcesFiltering - Copying 0 resource from src\test\resources to target\test-classes
2026-03-11 08:20:09,590 [Worker-51: Launching Task] WARN  o.a.m.s.f.DefaultMavenResourcesFiltering - Using platform encoding (UTF-8 actually) to copy filtered resources, i.e. build is platform dependent!
2026-03-11 08:20:09,592 [Worker-51: Launching Task] INFO  o.a.m.s.f.DefaultMavenResourcesFiltering - Copying 0 resource from src\main\resources to target\classes
2026-03-11 08:20:09,597 [Worker-51: Launching Task] WARN  o.a.m.s.f.DefaultMavenResourcesFiltering - Using platform encoding (UTF-8 actually) to copy filtered resources, i.e. build is platform dependent!
2026-03-11 08:20:09,598 [Worker-51: Launching Task] INFO  o.a.m.s.f.DefaultMavenResourcesFiltering - Copying 0 resource from src\test\resources to target\test-classes
2026-03-11 08:26:29,828 [Worker-56: Launching Task] WARN  o.a.m.s.f.DefaultMavenResourcesFiltering - Using platform encoding (UTF-8 actually) to copy filtered resources, i.e. build is platform dependent!
2026-03-11 08:26:29,831 [Worker-56: Launching Task] INFO  o.a.m.s.f.DefaultMavenResourcesFiltering - Copying 0 resource from src\main\resources to target\classes
2026-03-11 08:26:29,836 [Worker-56: Launching Task] WARN  o.a.m.s.f.DefaultMavenResourcesFiltering - Using platform encoding (UTF-8 actually) to copy filtered resources, i.e. build is platform dependent!
2026-03-11 08:26:29,839 [Worker-56: Launching Task] INFO  o.a.m.s.f.DefaultMavenResourcesFiltering - Copying 0 resource from src\test\resources to target\test-classes
2026-03-11 08:26:41,041 [Worker-48: Launching Task] WARN  o.a.m.s.f.DefaultMavenResourcesFiltering - Using platform encoding (UTF-8 actually) to copy filtered resources, i.e. build is platform dependent!
2026-03-11 08:26:41,043 [Worker-48: Launching Task] INFO  o.a.m.s.f.DefaultMavenResourcesFiltering - Copying 0 resource from src\main\resources to target\classes
2026-03-11 08:26:41,048 [Worker-48: Launching Task] WARN  o.a.m.s.f.DefaultMavenResourcesFiltering - Using platform encoding (UTF-8 actually) to copy filtered resources, i.e. build is platform dependent!
2026-03-11 08:26:41,056 [Worker-48: Launching Task] INFO  o.a.m.s.f.DefaultMavenResourcesFiltering - Copying 0 resource from src\test\resources to target\test-classes
2026-03-11 08:31:22,121 [Worker-55: Launching Task] WARN  o.a.m.s.f.DefaultMavenResourcesFiltering - Using platform encoding (UTF-8 actually) to copy filtered resources, i.e. build is platform dependent!
2026-03-11 08:31:22,124 [Worker-55: Launching Task] INFO  o.a.m.s.f.DefaultMavenResourcesFiltering - Copying 0 resource from src\main\resources to target\classes
2026-03-11 08:31:22,129 [Worker-55: Launching Task] WARN  o.a.m.s.f.DefaultMavenResourcesFiltering - Using platform encoding (UTF-8 actually) to copy filtered resources, i.e. build is platform dependent!
2026-03-11 08:31:22,132 [Worker-55: Launching Task] INFO  o.a.m.s.f.DefaultMavenResourcesFiltering - Copying 0 resource from src\test\resources to target\test-classes
2026-03-11 08:31:44,420 [Worker-59: Launching Task] WARN  o.a.m.s.f.DefaultMavenResourcesFiltering - Using platform encoding (UTF-8 actually) to copy filtered resources, i.e. build is platform dependent!
2026-03-11 08:31:44,423 [Worker-59: Launching Task] INFO  o.a.m.s.f.DefaultMavenResourcesFiltering - Copying 0 resource from src\main\resources to target\classes
2026-03-11 08:31:44,431 [Worker-59: Launching Task] WARN  o.a.m.s.f.DefaultMavenResourcesFiltering - Using platform encoding (UTF-8 actually) to copy filtered resources, i.e. build is platform dependent!
2026-03-11 08:31:44,433 [Worker-59: Launching Task] INFO  o.a.m.s.f.DefaultMavenResourcesFiltering - Copying 0 resource from src\test\resources to target\test-classes
2026-03-11 08:34:23,114 [Worker-59: Building] WARN  o.a.m.s.f.DefaultMavenResourcesFiltering - Using platform encoding (UTF-8 actually) to copy filtered resources, i.e. build is platform dependent!
2026-03-11 08:34:23,116 [Worker-59: Building] INFO  o.a.m.s.f.DefaultMavenResourcesFiltering - Copying 0 resource from src\main\resources to target\classes
2026-03-11 08:34:23,119 [Worker-59: Building] WARN  o.a.m.s.f.DefaultMavenResourcesFiltering - Using platform encoding (UTF-8 actually) to copy filtered resources, i.e. build is platform dependent!
2026-03-11 08:34:23,120 [Worker-59: Building] INFO  o.a.m.s.f.DefaultMavenResourcesFiltering - Copying 0 resource from src\test\resources to target\test-classes
2026-03-11 08:35:28,437 [Worker-58: Building] WARN  o.a.m.s.f.DefaultMavenResourcesFiltering - Using platform encoding (UTF-8 actually) to copy filtered resources, i.e. build is platform dependent!
2026-03-11 08:35:28,438 [Worker-58: Building] INFO  o.a.m.s.f.DefaultMavenResourcesFiltering - Copying 0 resource from src\main\resources to target\classes
2026-03-11 08:35:28,442 [Worker-58: Building] WARN  o.a.m.s.f.DefaultMavenResourcesFiltering - Using platform encoding (UTF-8 actually) to copy filtered resources, i.e. build is platform dependent!
2026-03-11 08:35:28,443 [Worker-58: Building] INFO  o.a.m.s.f.DefaultMavenResourcesFiltering - Copying 0 resource from src\test\resources to target\test-classes
2026-03-11 08:35:44,958 [Worker-62: Launching Task] WARN  o.a.m.s.f.DefaultMavenResourcesFiltering - Using platform encoding (UTF-8 actually) to copy filtered resources, i.e. build is platform dependent!
2026-03-11 08:35:44,961 [Worker-62: Launching Task] INFO  o.a.m.s.f.DefaultMavenResourcesFiltering - Copying 0 resource from src\main\resources to target\classes
2026-03-11 08:35:44,966 [Worker-62: Launching Task] WARN  o.a.m.s.f.DefaultMavenResourcesFiltering - Using platform encoding (UTF-8 actually) to copy filtered resources, i.e. build is platform dependent!
2026-03-11 08:35:44,968 [Worker-62: Launching Task] INFO  o.a.m.s.f.DefaultMavenResourcesFiltering - Copying 0 resource from src\test\resources to target\test-classes
2026-03-11 08:36:46,056 [Worker-61: Launching Task] WARN  o.a.m.s.f.DefaultMavenResourcesFiltering - Using platform encoding (UTF-8 actually) to copy filtered resources, i.e. build is platform dependent!
2026-03-11 08:36:46,059 [Worker-61: Launching Task] INFO  o.a.m.s.f.DefaultMavenResourcesFiltering - Copying 0 resource from src\main\resources to target\classes
2026-03-11 08:36:46,064 [Worker-61: Launching Task] WARN  o.a.m.s.f.DefaultMavenResourcesFiltering - Using platform encoding (UTF-8 actually) to copy filtered resources, i.e. build is platform dependent!
2026-03-11 08:36:46,067 [Worker-61: Launching Task] INFO  o.a.m.s.f.DefaultMavenResourcesFiltering - Copying 0 resource from src\test\resources to target\test-classes
2026-03-11 08:37:25,836 [Worker-61: Building] WARN  o.a.m.s.f.DefaultMavenResourcesFiltering - Using platform encoding (UTF-8 actually) to copy filtered resources, i.e. build is platform dependent!
2026-03-11 08:37:25,838 [Worker-61: Building] INFO  o.a.m.s.f.DefaultMavenResourcesFiltering - Copying 0 resource from src\main\resources to target\classes
2026-03-11 08:37:25,841 [Worker-61: Building] WARN  o.a.m.s.f.DefaultMavenResourcesFiltering - Using platform encoding (UTF-8 actually) to copy filtered resources, i.e. build is platform dependent!
2026-03-11 08:37:25,843 [Worker-61: Building] INFO  o.a.m.s.f.DefaultMavenResourcesFiltering - Copying 0 resource from src\test\resources to target\test-classes
2026-03-11 08:39:01,505 [Worker-61: Launching Task] WARN  o.a.m.s.f.DefaultMavenResourcesFiltering - Using platform encoding (UTF-8 actually) to copy filtered resources, i.e. build is platform dependent!
2026-03-11 08:39:01,508 [Worker-61: Launching Task] INFO  o.a.m.s.f.DefaultMavenResourcesFiltering - Copying 0 resource from src\main\resources to target\classes
2026-03-11 08:39:01,514 [Worker-61: Launching Task] WARN  o.a.m.s.f.DefaultMavenResourcesFiltering - Using platform encoding (UTF-8 actually) to copy filtered resources, i.e. build is platform dependent!
2026-03-11 08:39:01,516 [Worker-61: Launching Task] INFO  o.a.m.s.f.DefaultMavenResourcesFiltering - Copying 0 resource from src\test\resources to target\test-classes
2026-03-11 08:41:43,638 [Worker-63: Launching Task] WARN  o.a.m.s.f.DefaultMavenResourcesFiltering - Using platform encoding (UTF-8 actually) to copy filtered resources, i.e. build is platform dependent!
2026-03-11 08:41:43,640 [Worker-63: Launching Task] INFO  o.a.m.s.f.DefaultMavenResourcesFiltering - Copying 0 resource from src\main\resources to target\classes
2026-03-11 08:41:43,648 [Worker-63: Launching Task] WARN  o.a.m.s.f.DefaultMavenResourcesFiltering - Using platform encoding (UTF-8 actually) to copy filtered resources, i.e. build is platform dependent!
2026-03-11 08:41:43,651 [Worker-63: Launching Task] INFO  o.a.m.s.f.DefaultMavenResourcesFiltering - Copying 0 resource from src\test\resources to target\test-classes
2026-03-11 08:45:14,461 [Worker-64: Launching Task] WARN  o.a.m.s.f.DefaultMavenResourcesFiltering - Using platform encoding (UTF-8 actually) to copy filtered resources, i.e. build is platform dependent!
2026-03-11 08:45:14,461 [Worker-64: Launching Task] INFO  o.a.m.s.f.DefaultMavenResourcesFiltering - Copying 0 resource from src\main\resources to target\classes
2026-03-11 08:45:14,465 [Worker-64: Launching Task] WARN  o.a.m.s.f.DefaultMavenResourcesFiltering - Using platform encoding (UTF-8 actually) to copy filtered resources, i.e. build is platform dependent!
2026-03-11 08:45:14,469 [Worker-64: Launching Task] INFO  o.a.m.s.f.DefaultMavenResourcesFiltering - Copying 0 resource from src\test\resources to target\test-classes
2026-03-11 08:47:53,642 [Worker-58: Launching Task] WARN  o.a.m.s.f.DefaultMavenResourcesFiltering - Using platform encoding (UTF-8 actually) to copy filtered resources, i.e. build is platform dependent!
2026-03-11 08:47:53,645 [Worker-58: Launching Task] INFO  o.a.m.s.f.DefaultMavenResourcesFiltering - Copying 0 resource from src\main\resources to target\classes
2026-03-11 08:47:53,651 [Worker-58: Launching Task] WARN  o.a.m.s.f.DefaultMavenResourcesFiltering - Using platform encoding (UTF-8 actually) to copy filtered resources, i.e. build is platform dependent!
2026-03-11 08:47:53,652 [Worker-58: Launching Task] INFO  o.a.m.s.f.DefaultMavenResourcesFiltering - Copying 0 resource from src\test\resources to target\test-classes
2026-03-11 08:50:19,131 [Worker-65: Launching Task] WARN  o.a.m.s.f.DefaultMavenResourcesFiltering - Using platform encoding (UTF-8 actually) to copy filtered resources, i.e. build is platform dependent!
2026-03-11 08:50:19,133 [Worker-65: Launching Task] INFO  o.a.m.s.f.DefaultMavenResourcesFiltering - Copying 0 resource from src\main\resources to target\classes
2026-03-11 08:50:19,136 [Worker-65: Launching Task] WARN  o.a.m.s.f.DefaultMavenResourcesFiltering - Using platform encoding (UTF-8 actually) to copy filtered resources, i.e. build is platform dependent!
2026-03-11 08:50:19,139 [Worker-65: Launching Task] INFO  o.a.m.s.f.DefaultMavenResourcesFiltering - Copying 0 resource from src\test\resources to target\test-classes
2026-03-11 08:51:56,111 [Worker-65: Launching Task] WARN  o.a.m.s.f.DefaultMavenResourcesFiltering - Using platform encoding (UTF-8 actually) to copy filtered resources, i.e. build is platform dependent!
2026-03-11 08:51:56,113 [Worker-65: Launching Task] INFO  o.a.m.s.f.DefaultMavenResourcesFiltering - Copying 0 resource from src\main\resources to target\classes
2026-03-11 08:51:56,116 [Worker-65: Launching Task] WARN  o.a.m.s.f.DefaultMavenResourcesFiltering - Using platform encoding (UTF-8 actually) to copy filtered resources, i.e. build is platform dependent!
2026-03-11 08:51:56,120 [Worker-65: Launching Task] INFO  o.a.m.s.f.DefaultMavenResourcesFiltering - Copying 0 resource from src\test\resources to target\test-classes
2026-03-11 08:52:53,246 [Worker-63: Launching Task] WARN  o.a.m.s.f.DefaultMavenResourcesFiltering - Using platform encoding (UTF-8 actually) to copy filtered resources, i.e. build is platform dependent!
2026-03-11 08:52:53,248 [Worker-63: Launching Task] INFO  o.a.m.s.f.DefaultMavenResourcesFiltering - Copying 0 resource from src\main\resources to target\classes
2026-03-11 08:52:53,254 [Worker-63: Launching Task] WARN  o.a.m.s.f.DefaultMavenResourcesFiltering - Using platform encoding (UTF-8 actually) to copy filtered resources, i.e. build is platform dependent!
2026-03-11 08:52:53,256 [Worker-63: Launching Task] INFO  o.a.m.s.f.DefaultMavenResourcesFiltering - Copying 0 resource from src\test\resources to target\test-classes
2026-03-11 08:53:13,753 [Worker-58: Launching Task] WARN  o.a.m.s.f.DefaultMavenResourcesFiltering - Using platform encoding (UTF-8 actually) to copy filtered resources, i.e. build is platform dependent!
2026-03-11 08:53:13,755 [Worker-58: Launching Task] INFO  o.a.m.s.f.DefaultMavenResourcesFiltering - Copying 0 resource from src\main\resources to target\classes
2026-03-11 08:53:13,760 [Worker-58: Launching Task] WARN  o.a.m.s.f.DefaultMavenResourcesFiltering - Using platform encoding (UTF-8 actually) to copy filtered resources, i.e. build is platform dependent!
2026-03-11 08:53:13,763 [Worker-58: Launching Task] INFO  o.a.m.s.f.DefaultMavenResourcesFiltering - Copying 0 resource from src\test\resources to target\test-classes
2026-03-11 08:54:30,224 [Worker-62: Launching Task] WARN  o.a.m.s.f.DefaultMavenResourcesFiltering - Using platform encoding (UTF-8 actually) to copy filtered resources, i.e. build is platform dependent!
2026-03-11 08:54:30,226 [Worker-62: Launching Task] INFO  o.a.m.s.f.DefaultMavenResourcesFiltering - Copying 0 resource from src\main\resources to target\classes
2026-03-11 08:54:30,232 [Worker-62: Launching Task] WARN  o.a.m.s.f.DefaultMavenResourcesFiltering - Using platform encoding (UTF-8 actually) to copy filtered resources, i.e. build is platform dependent!
2026-03-11 08:54:30,234 [Worker-62: Launching Task] INFO  o.a.m.s.f.DefaultMavenResourcesFiltering - Copying 0 resource from src\test\resources to target\test-classes
2026-03-11 08:55:19,559 [Worker-58: Launching Task] WARN  o.a.m.s.f.DefaultMavenResourcesFiltering - Using platform encoding (UTF-8 actually) to copy filtered resources, i.e. build is platform dependent!
2026-03-11 08:55:19,562 [Worker-58: Launching Task] INFO  o.a.m.s.f.DefaultMavenResourcesFiltering - Copying 0 resource from src\main\resources to target\classes
2026-03-11 08:55:19,565 [Worker-58: Launching Task] WARN  o.a.m.s.f.DefaultMavenResourcesFiltering - Using platform encoding (UTF-8 actually) to copy filtered resources, i.e. build is platform dependent!
2026-03-11 08:55:19,568 [Worker-58: Launching Task] INFO  o.a.m.s.f.DefaultMavenResourcesFiltering - Copying 0 resource from src\test\resources to target\test-classes
2026-03-11 08:56:31,138 [Worker-61: Launching Task] WARN  o.a.m.s.f.DefaultMavenResourcesFiltering - Using platform encoding (UTF-8 actually) to copy filtered resources, i.e. build is platform dependent!
2026-03-11 08:56:31,140 [Worker-61: Launching Task] INFO  o.a.m.s.f.DefaultMavenResourcesFiltering - Copying 0 resource from src\main\resources to target\classes
2026-03-11 08:56:31,144 [Worker-61: Launching Task] WARN  o.a.m.s.f.DefaultMavenResourcesFiltering - Using platform encoding (UTF-8 actually) to copy filtered resources, i.e. build is platform dependent!
2026-03-11 08:56:31,146 [Worker-61: Launching Task] INFO  o.a.m.s.f.DefaultMavenResourcesFiltering - Copying 0 resource from src\test\resources to target\test-classes
2026-03-11 08:56:56,707 [Worker-65: Launching Task] WARN  o.a.m.s.f.DefaultMavenResourcesFiltering - Using platform encoding (UTF-8 actually) to copy filtered resources, i.e. build is platform dependent!
2026-03-11 08:56:56,709 [Worker-65: Launching Task] INFO  o.a.m.s.f.DefaultMavenResourcesFiltering - Copying 0 resource from src\main\resources to target\classes
2026-03-11 08:56:56,715 [Worker-65: Launching Task] WARN  o.a.m.s.f.DefaultMavenResourcesFiltering - Using platform encoding (UTF-8 actually) to copy filtered resources, i.e. build is platform dependent!
2026-03-11 08:56:56,716 [Worker-65: Launching Task] INFO  o.a.m.s.f.DefaultMavenResourcesFiltering - Copying 0 resource from src\test\resources to target\test-classes
2026-03-11 08:58:50,735 [Worker-63: Launching Task] WARN  o.a.m.s.f.DefaultMavenResourcesFiltering - Using platform encoding (UTF-8 actually) to copy filtered resources, i.e. build is platform dependent!
2026-03-11 08:58:50,738 [Worker-63: Launching Task] INFO  o.a.m.s.f.DefaultMavenResourcesFiltering - Copying 0 resource from src\main\resources to target\classes
2026-03-11 08:58:50,743 [Worker-63: Launching Task] WARN  o.a.m.s.f.DefaultMavenResourcesFiltering - Using platform encoding (UTF-8 actually) to copy filtered resources, i.e. build is platform dependent!
2026-03-11 08:58:50,746 [Worker-63: Launching Task] INFO  o.a.m.s.f.DefaultMavenResourcesFiltering - Copying 0 resource from src\test\resources to target\test-classes
2026-03-11 09:00:22,156 [Worker-65: Launching Task] WARN  o.a.m.s.f.DefaultMavenResourcesFiltering - Using platform encoding (UTF-8 actually) to copy filtered resources, i.e. build is platform dependent!
2026-03-11 09:00:22,159 [Worker-65: Launching Task] INFO  o.a.m.s.f.DefaultMavenResourcesFiltering - Copying 0 resource from src\main\resources to target\classes
2026-03-11 09:00:22,162 [Worker-65: Launching Task] WARN  o.a.m.s.f.DefaultMavenResourcesFiltering - Using platform encoding (UTF-8 actually) to copy filtered resources, i.e. build is platform dependent!
2026-03-11 09:00:22,163 [Worker-65: Launching Task] INFO  o.a.m.s.f.DefaultMavenResourcesFiltering - Copying 0 resource from src\test\resources to target\test-classes
2026-03-11 09:10:00,191 [Worker-65: Building] WARN  o.a.m.s.f.DefaultMavenResourcesFiltering - Using platform encoding (UTF-8 actually) to copy filtered resources, i.e. build is platform dependent!
2026-03-11 09:10:00,194 [Worker-65: Building] INFO  o.a.m.s.f.DefaultMavenResourcesFiltering - Copying 0 resource from src\main\resources to target\classes
2026-03-11 09:10:00,198 [Worker-65: Building] WARN  o.a.m.s.f.DefaultMavenResourcesFiltering - Using platform encoding (UTF-8 actually) to copy filtered resources, i.e. build is platform dependent!
2026-03-11 09:10:00,200 [Worker-65: Building] INFO  o.a.m.s.f.DefaultMavenResourcesFiltering - Copying 0 resource from src\test\resources to target\test-classes
2026-03-12 07:41:48,599 [Worker-7: Loading available Gradle versions] INFO  o.e.b.c.i.u.g.PublishedGradleVersions - Gradle version information cache is out-of-date. Trying to update.
2026-03-12 07:43:42,143 [Worker-0: Building] WARN  o.e.m.c.i.embedder.EclipseLogger - The artifact mysql:mysql-connector-java:jar:8.0.33 has been relocated to com.mysql:mysql-connector-j:jar:8.0.33: MySQL Connector/J artifacts moved to reverse-DNS compliant Maven 2+ coordinates.
2026-03-12 07:44:11,715 [Worker-1: Building] WARN  o.a.m.s.f.DefaultMavenResourcesFiltering - Using platform encoding (UTF-8 actually) to copy filtered resources, i.e. build is platform dependent!
2026-03-12 07:44:11,720 [Worker-1: Building] INFO  o.a.m.s.f.DefaultMavenResourcesFiltering - Copying 0 resource from src\main\resources to target\classes
2026-03-12 07:44:11,728 [Worker-1: Building] WARN  o.a.m.s.f.DefaultMavenResourcesFiltering - Using platform encoding (UTF-8 actually) to copy filtered resources, i.e. build is platform dependent!
2026-03-12 07:44:11,730 [Worker-1: Building] INFO  o.a.m.s.f.DefaultMavenResourcesFiltering - Copying 0 resource from src\test\resources to target\test-classes
2026-03-12 08:03:47,096 [Worker-19: Launching InsertData (1)] WARN  o.a.m.s.f.DefaultMavenResourcesFiltering - Using platform encoding (UTF-8 actually) to copy filtered resources, i.e. build is platform dependent!
2026-03-12 08:03:47,102 [Worker-19: Launching InsertData (1)] INFO  o.a.m.s.f.DefaultMavenResourcesFiltering - Copying 0 resource from src\main\resources to target\classes
2026-03-12 08:03:47,108 [Worker-19: Launching InsertData (1)] WARN  o.a.m.s.f.DefaultMavenResourcesFiltering - Using platform encoding (UTF-8 actually) to copy filtered resources, i.e. build is platform dependent!
2026-03-12 08:03:47,110 [Worker-19: Launching InsertData (1)] INFO  o.a.m.s.f.DefaultMavenResourcesFiltering - Copying 0 resource from src\test\resources to target\test-classes
2026-03-12 08:05:46,822 [Worker-38: Building] WARN  o.a.m.s.f.DefaultMavenResourcesFiltering - Using platform encoding (UTF-8 actually) to copy filtered resources, i.e. build is platform dependent!
2026-03-12 08:05:46,824 [Worker-38: Building] INFO  o.a.m.s.f.DefaultMavenResourcesFiltering - Copying 0 resource from src\main\resources to target\classes
2026-03-12 08:05:46,828 [Worker-38: Building] WARN  o.a.m.s.f.DefaultMavenResourcesFiltering - Using platform encoding (UTF-8 actually) to copy filtered resources, i.e. build is platform dependent!
2026-03-12 08:05:46,831 [Worker-38: Building] INFO  o.a.m.s.f.DefaultMavenResourcesFiltering - Copying 0 resource from src\test\resources to target\test-classes
2026-03-12 08:06:45,772 [Worker-39: Building] WARN  o.a.m.s.f.DefaultMavenResourcesFiltering - Using platform encoding (UTF-8 actually) to copy filtered resources, i.e. build is platform dependent!
2026-03-12 08:06:45,775 [Worker-39: Building] INFO  o.a.m.s.f.DefaultMavenResourcesFiltering - Copying 0 resource from src\main\resources to target\classes
2026-03-12 08:06:45,780 [Worker-39: Building] WARN  o.a.m.s.f.DefaultMavenResourcesFiltering - Using platform encoding (UTF-8 actually) to copy filtered resources, i.e. build is platform dependent!
2026-03-12 08:06:45,781 [Worker-39: Building] INFO  o.a.m.s.f.DefaultMavenResourcesFiltering - Copying 0 resource from src\test\resources to target\test-classes
2026-03-12 08:07:11,759 [Worker-41: Launching InsertData (1)] WARN  o.a.m.s.f.DefaultMavenResourcesFiltering - Using platform encoding (UTF-8 actually) to copy filtered resources, i.e. build is platform dependent!
2026-03-12 08:07:11,762 [Worker-41: Launching InsertData (1)] INFO  o.a.m.s.f.DefaultMavenResourcesFiltering - Copying 0 resource from src\main\resources to target\classes
2026-03-12 08:07:11,773 [Worker-41: Launching InsertData (1)] WARN  o.a.m.s.f.DefaultMavenResourcesFiltering - Using platform encoding (UTF-8 actually) to copy filtered resources, i.e. build is platform dependent!
2026-03-12 08:07:11,776 [Worker-41: Launching InsertData (1)] INFO  o.a.m.s.f.DefaultMavenResourcesFiltering - Copying 0 resource from src\test\resources to target\test-classes
2026-03-12 08:25:51,789 [Worker-4: Loading available Gradle versions] INFO  o.e.b.c.i.u.g.PublishedGradleVersions - Gradle version information cache is up-to-date. Trying to read.
2026-03-12 08:25:58,215 [Worker-5: Launching FetchAllRows] WARN  o.e.m.c.i.embedder.EclipseLogger - The artifact mysql:mysql-connector-java:jar:8.0.33 has been relocated to com.mysql:mysql-connector-j:jar:8.0.33: MySQL Connector/J artifacts moved to reverse-DNS compliant Maven 2+ coordinates.
2026-03-12 08:26:00,103 [Worker-5: Launching FetchAllRows] WARN  o.a.m.s.f.DefaultMavenResourcesFiltering - Using platform encoding (UTF-8 actually) to copy filtered resources, i.e. build is platform dependent!
2026-03-12 08:26:00,115 [Worker-5: Launching FetchAllRows] INFO  o.a.m.s.f.DefaultMavenResourcesFiltering - Copying 0 resource from src\main\resources to target\classes
2026-03-12 08:26:00,124 [Worker-5: Launching FetchAllRows] WARN  o.a.m.s.f.DefaultMavenResourcesFiltering - Using platform encoding (UTF-8 actually) to copy filtered resources, i.e. build is platform dependent!
2026-03-12 08:26:00,126 [Worker-5: Launching FetchAllRows] INFO  o.a.m.s.f.DefaultMavenResourcesFiltering - Copying 0 resource from src\test\resources to target\test-classes
2026-03-12 08:37:57,856 [Worker-8: Loading available Gradle versions] INFO  o.e.b.c.i.u.g.PublishedGradleVersions - Gradle version information cache is up-to-date. Trying to read.
2026-03-12 08:39:51,465 [Worker-1: Launching InsertData (1)] WARN  o.e.m.c.i.embedder.EclipseLogger - The artifact mysql:mysql-connector-java:jar:8.0.33 has been relocated to com.mysql:mysql-connector-j:jar:8.0.33: MySQL Connector/J artifacts moved to reverse-DNS compliant Maven 2+ coordinates.
2026-03-12 15:06:20,136 [Worker-6: Loading available Gradle versions] INFO  o.e.b.c.i.u.g.PublishedGradleVersions - Gradle version information cache is up-to-date. Trying to read.
2026-03-12 15:07:26,336 [Worker-11: Launching InsertData (1)] WARN  o.e.m.c.i.embedder.EclipseLogger - The artifact mysql:mysql-connector-java:jar:8.0.33 has been relocated to com.mysql:mysql-connector-j:jar:8.0.33: MySQL Connector/J artifacts moved to reverse-DNS compliant Maven 2+ coordinates.
2026-03-12 15:08:48,618 [Worker-13: Launching Task] WARN  o.e.m.c.i.embedder.EclipseLogger - The artifact mysql:mysql-connector-java:jar:8.0.33 has been relocated to com.mysql:mysql-connector-j:jar:8.0.33: MySQL Connector/J artifacts moved to reverse-DNS compliant Maven 2+ coordinates.
2026-03-12 15:08:49,077 [Worker-13: Launching Task] WARN  o.a.m.s.f.DefaultMavenResourcesFiltering - Using platform encoding (UTF-8 actually) to copy filtered resources, i.e. build is platform dependent!
2026-03-12 15:08:49,085 [Worker-13: Launching Task] INFO  o.a.m.s.f.DefaultMavenResourcesFiltering - Copying 0 resource from src\main\resources to target\classes
2026-03-12 15:08:49,094 [Worker-13: Launching Task] WARN  o.a.m.s.f.DefaultMavenResourcesFiltering - Using platform encoding (UTF-8 actually) to copy filtered resources, i.e. build is platform dependent!
2026-03-12 15:08:49,096 [Worker-13: Launching Task] INFO  o.a.m.s.f.DefaultMavenResourcesFiltering - Copying 0 resource from src\test\resources to target\test-classes
2026-03-12 15:44:40,815 [Worker-4: Loading available Gradle versions] INFO  o.e.b.c.i.u.g.PublishedGradleVersions - Gradle version information cache is up-to-date. Trying to read.
2026-03-12 17:43:53,040 [Worker-5: Loading available Gradle versions] INFO  o.e.b.c.i.u.g.PublishedGradleVersions - Gradle version information cache is up-to-date. Trying to read.
2026-03-12 19:09:00,547 [Worker-47: Launching FirstStep] WARN  o.e.m.c.i.embedder.EclipseLogger - The artifact mysql:mysql-connector-java:jar:8.0.33 has been relocated to com.mysql:mysql-connector-j:jar:8.0.33: MySQL Connector/J artifacts moved to reverse-DNS compliant Maven 2+ coordinates.
2026-03-12 19:09:02,345 [Worker-47: Launching FirstStep] WARN  o.a.m.s.f.DefaultMavenResourcesFiltering - Using platform encoding (UTF-8 actually) to copy filtered resources, i.e. build is platform dependent!
2026-03-12 19:09:02,353 [Worker-47: Launching FirstStep] INFO  o.a.m.s.f.DefaultMavenResourcesFiltering - Copying 0 resource from src\main\resources to target\classes
2026-03-12 19:09:02,360 [Worker-47: Launching FirstStep] WARN  o.a.m.s.f.DefaultMavenResourcesFiltering - Using platform encoding (UTF-8 actually) to copy filtered resources, i.e. build is platform dependent!
2026-03-12 19:09:02,362 [Worker-47: Launching FirstStep] INFO  o.a.m.s.f.DefaultMavenResourcesFiltering - Copying 0 resource from src\test\resources to target\test-classes
2026-03-12 19:09:04,604 [Worker-51: Building] WARN  o.e.m.c.i.embedder.EclipseLogger - The artifact mysql:mysql-connector-java:jar:8.0.33 has been relocated to com.mysql:mysql-connector-j:jar:8.0.33: MySQL Connector/J artifacts moved to reverse-DNS compliant Maven 2+ coordinates.
2026-03-12 19:09:04,630 [Worker-51: Building] WARN  o.a.m.s.f.DefaultMavenResourcesFiltering - Using platform encoding (UTF-8 actually) to copy filtered resources, i.e. build is platform dependent!
2026-03-12 19:09:04,632 [Worker-51: Building] INFO  o.a.m.s.f.DefaultMavenResourcesFiltering - Copying 0 resource from src\main\resources to target\classes
2026-03-12 19:09:04,639 [Worker-51: Building] WARN  o.a.m.s.f.DefaultMavenResourcesFiltering - Using platform encoding (UTF-8 actually) to copy filtered resources, i.e. build is platform dependent!
2026-03-12 19:09:04,641 [Worker-51: Building] INFO  o.a.m.s.f.DefaultMavenResourcesFiltering - Copying 0 resource from src\test\resources to target\test-classes
2026-03-12 19:11:38,709 [Worker-49: Launching SecondStep] WARN  o.a.m.s.f.DefaultMavenResourcesFiltering - Using platform encoding (UTF-8 actually) to copy filtered resources, i.e. build is platform dependent!
2026-03-12 19:11:38,715 [Worker-49: Launching SecondStep] INFO  o.a.m.s.f.DefaultMavenResourcesFiltering - Copying 0 resource from src\main\resources to target\classes
2026-03-12 19:11:38,719 [Worker-49: Launching SecondStep] WARN  o.a.m.s.f.DefaultMavenResourcesFiltering - Using platform encoding (UTF-8 actually) to copy filtered resources, i.e. build is platform dependent!
2026-03-12 19:11:38,722 [Worker-49: Launching SecondStep] INFO  o.a.m.s.f.DefaultMavenResourcesFiltering - Copying 0 resource from src\test\resources to target\test-classes
2026-03-12 19:12:01,167 [Worker-51: Launching ThirdStep] WARN  o.a.m.s.f.DefaultMavenResourcesFiltering - Using platform encoding (UTF-8 actually) to copy filtered resources, i.e. build is platform dependent!
2026-03-12 19:12:01,169 [Worker-51: Launching ThirdStep] INFO  o.a.m.s.f.DefaultMavenResourcesFiltering - Copying 0 resource from src\main\resources to target\classes
2026-03-12 19:12:01,179 [Worker-51: Launching ThirdStep] WARN  o.a.m.s.f.DefaultMavenResourcesFiltering - Using platform encoding (UTF-8 actually) to copy filtered resources, i.e. build is platform dependent!
2026-03-12 19:12:01,182 [Worker-51: Launching ThirdStep] INFO  o.a.m.s.f.DefaultMavenResourcesFiltering - Copying 0 resource from src\test\resources to target\test-classes
2026-03-12 19:14:09,477 [Worker-48: Launching InsertData] WARN  o.a.m.s.f.DefaultMavenResourcesFiltering - Using platform encoding (UTF-8 actually) to copy filtered resources, i.e. build is platform dependent!
2026-03-12 19:14:09,480 [Worker-48: Launching InsertData] INFO  o.a.m.s.f.DefaultMavenResourcesFiltering - Copying 0 resource from src\main\resources to target\classes
2026-03-12 19:14:09,486 [Worker-48: Launching InsertData] WARN  o.a.m.s.f.DefaultMavenResourcesFiltering - Using platform encoding (UTF-8 actually) to copy filtered resources, i.e. build is platform dependent!
2026-03-12 19:14:09,489 [Worker-48: Launching InsertData] INFO  o.a.m.s.f.DefaultMavenResourcesFiltering - Copying 0 resource from src\test\resources to target\test-classes
2026-03-12 19:15:16,486 [Worker-54: Launching Insert5Rows] WARN  o.a.m.s.f.DefaultMavenResourcesFiltering - Using platform encoding (UTF-8 actually) to copy filtered resources, i.e. build is platform dependent!
2026-03-12 19:15:16,489 [Worker-54: Launching Insert5Rows] INFO  o.a.m.s.f.DefaultMavenResourcesFiltering - Copying 0 resource from src\main\resources to target\classes
2026-03-12 19:15:16,497 [Worker-54: Launching Insert5Rows] WARN  o.a.m.s.f.DefaultMavenResourcesFiltering - Using platform encoding (UTF-8 actually) to copy filtered resources, i.e. build is platform dependent!
2026-03-12 19:15:16,499 [Worker-54: Launching Insert5Rows] INFO  o.a.m.s.f.DefaultMavenResourcesFiltering - Copying 0 resource from src\test\resources to target\test-classes
2026-03-12 19:15:42,289 [Worker-52: Launching UpdateData] WARN  o.a.m.s.f.DefaultMavenResourcesFiltering - Using platform encoding (UTF-8 actually) to copy filtered resources, i.e. build is platform dependent!
2026-03-12 19:15:42,292 [Worker-52: Launching UpdateData] INFO  o.a.m.s.f.DefaultMavenResourcesFiltering - Copying 0 resource from src\main\resources to target\classes
2026-03-12 19:15:42,297 [Worker-52: Launching UpdateData] WARN  o.a.m.s.f.DefaultMavenResourcesFiltering - Using platform encoding (UTF-8 actually) to copy filtered resources, i.e. build is platform dependent!
2026-03-12 19:15:42,299 [Worker-52: Launching UpdateData] INFO  o.a.m.s.f.DefaultMavenResourcesFiltering - Copying 0 resource from src\test\resources to target\test-classes
2026-03-12 19:16:14,241 [Worker-53: Launching Fetch1Row] WARN  o.a.m.s.f.DefaultMavenResourcesFiltering - Using platform encoding (UTF-8 actually) to copy filtered resources, i.e. build is platform dependent!
2026-03-12 19:16:14,244 [Worker-53: Launching Fetch1Row] INFO  o.a.m.s.f.DefaultMavenResourcesFiltering - Copying 0 resource from src\main\resources to target\classes
2026-03-12 19:16:14,248 [Worker-53: Launching Fetch1Row] WARN  o.a.m.s.f.DefaultMavenResourcesFiltering - Using platform encoding (UTF-8 actually) to copy filtered resources, i.e. build is platform dependent!
2026-03-12 19:16:14,250 [Worker-53: Launching Fetch1Row] INFO  o.a.m.s.f.DefaultMavenResourcesFiltering - Copying 0 resource from src\test\resources to target\test-classes
2026-03-12 19:16:32,620 [Worker-55: Launching FetchAllRows] WARN  o.a.m.s.f.DefaultMavenResourcesFiltering - Using platform encoding (UTF-8 actually) to copy filtered resources, i.e. build is platform dependent!
2026-03-12 19:16:32,623 [Worker-55: Launching FetchAllRows] INFO  o.a.m.s.f.DefaultMavenResourcesFiltering - Copying 0 resource from src\main\resources to target\classes
2026-03-12 19:16:32,628 [Worker-55: Launching FetchAllRows] WARN  o.a.m.s.f.DefaultMavenResourcesFiltering - Using platform encoding (UTF-8 actually) to copy filtered resources, i.e. build is platform dependent!
2026-03-12 19:16:32,632 [Worker-55: Launching FetchAllRows] INFO  o.a.m.s.f.DefaultMavenResourcesFiltering - Copying 0 resource from src\test\resources to target\test-classes
2026-03-12 19:17:09,450 [Worker-48: Launching Task] WARN  o.a.m.s.f.DefaultMavenResourcesFiltering - Using platform encoding (UTF-8 actually) to copy filtered resources, i.e. build is platform dependent!
2026-03-12 19:17:09,452 [Worker-48: Launching Task] INFO  o.a.m.s.f.DefaultMavenResourcesFiltering - Copying 0 resource from src\main\resources to target\classes
2026-03-12 19:17:09,457 [Worker-48: Launching Task] WARN  o.a.m.s.f.DefaultMavenResourcesFiltering - Using platform encoding (UTF-8 actually) to copy filtered resources, i.e. build is platform dependent!
2026-03-12 19:17:09,459 [Worker-48: Launching Task] INFO  o.a.m.s.f.DefaultMavenResourcesFiltering - Copying 0 resource from src\test\resources to target\test-classes
2026-03-12 19:18:40,867 [Worker-52: Launching InsertData (1)] WARN  o.a.m.s.f.DefaultMavenResourcesFiltering - Using platform encoding (UTF-8 actually) to copy filtered resources, i.e. build is platform dependent!
2026-03-12 19:18:40,869 [Worker-52: Launching InsertData (1)] INFO  o.a.m.s.f.DefaultMavenResourcesFiltering - Copying 0 resource from src\main\resources to target\classes
2026-03-12 19:18:40,874 [Worker-52: Launching InsertData (1)] WARN  o.a.m.s.f.DefaultMavenResourcesFiltering - Using platform encoding (UTF-8 actually) to copy filtered resources, i.e. build is platform dependent!
2026-03-12 19:18:40,876 [Worker-52: Launching InsertData (1)] INFO  o.a.m.s.f.DefaultMavenResourcesFiltering - Copying 0 resource from src\test\resources to target\test-classes
2026-03-12 19:40:27,228 [Worker-65: Building] WARN  o.a.m.s.f.DefaultMavenResourcesFiltering - Using platform encoding (UTF-8 actually) to copy filtered resources, i.e. build is platform dependent!
2026-03-12 19:40:27,245 [Worker-65: Building] INFO  o.a.m.s.f.DefaultMavenResourcesFiltering - Copying 0 resource from src\main\resources to target\classes
2026-03-12 19:40:27,252 [Worker-65: Building] WARN  o.a.m.s.f.DefaultMavenResourcesFiltering - Using platform encoding (UTF-8 actually) to copy filtered resources, i.e. build is platform dependent!
2026-03-12 19:40:27,255 [Worker-65: Building] INFO  o.a.m.s.f.DefaultMavenResourcesFiltering - Copying 0 resource from src\test\resources to target\test-classes
2026-03-13 07:48:20,910 [Worker-6: Loading available Gradle versions] INFO  o.e.b.c.i.u.g.PublishedGradleVersions - Gradle version information cache is out-of-date. Trying to update.
2026-03-13 07:49:15,871 [Worker-2: Creating project "jdbc-project"] INFO  o.e.m.c.i.l.LifecycleMappingFactory - Using org.eclipse.m2e.jdt.JarLifecycleMapping lifecycle mapping for MavenProject: com:jdbc-project:0.0.1-SNAPSHOT @ D:\JAVA_ADVANCE_QSP\jdbc-project\pom.xml.
2026-03-13 07:49:17,364 [Worker-2: Creating project "jdbc-project"] INFO  o.e.m.j.i.AbstractJavaProjectConfigurator - Adding source folder /jdbc-project/src/main/java
2026-03-13 07:49:17,366 [Worker-2: Creating project "jdbc-project"] INFO  o.e.m.j.i.AbstractJavaProjectConfigurator - Adding resource folder /jdbc-project/src/main/resources
2026-03-13 07:49:17,367 [Worker-2: Creating project "jdbc-project"] INFO  o.e.m.j.i.AbstractJavaProjectConfigurator - Adding source folder /jdbc-project/src/test/java
2026-03-13 07:49:17,367 [Worker-2: Creating project "jdbc-project"] INFO  o.e.m.j.i.AbstractJavaProjectConfigurator - Adding resource folder /jdbc-project/src/test/resources
2026-03-13 07:49:17,815 [Worker-21: Building] WARN  o.a.m.s.f.DefaultMavenResourcesFiltering - Using platform encoding (UTF-8 actually) to copy filtered resources, i.e. build is platform dependent!
2026-03-13 07:49:17,819 [Worker-21: Building] INFO  o.a.m.s.f.DefaultMavenResourcesFiltering - Copying 0 resource from src\main\resources to target\classes
2026-03-13 07:49:17,825 [Worker-21: Building] WARN  o.a.m.s.f.DefaultMavenResourcesFiltering - Using platform encoding (UTF-8 actually) to copy filtered resources, i.e. build is platform dependent!
2026-03-13 07:49:17,826 [Worker-21: Building] INFO  o.a.m.s.f.DefaultMavenResourcesFiltering - Copying 0 resource from src\test\resources to target\test-classes
2026-03-13 07:49:25,067 [Worker-5: reload maven project] WARN  o.e.m.c.i.embedder.EclipseLogger - The artifact mysql:mysql-connector-java:jar:8.0.33 has been relocated to com.mysql:mysql-connector-j:jar:8.0.33: MySQL Connector/J artifacts moved to reverse-DNS compliant Maven 2+ coordinates.
2026-03-13 07:49:38,331 [Worker-16: Building] INFO  o.e.m.c.i.l.LifecycleMappingFactory - Using org.eclipse.m2e.jdt.JarLifecycleMapping lifecycle mapping for MavenProject: com:jdbc-project:0.0.1-SNAPSHOT @ D:\JAVA_ADVANCE_QSP\jdbc-project\pom.xml.
2026-03-13 07:49:38,341 [Worker-16: Building] WARN  o.e.m.c.i.embedder.EclipseLogger - The artifact mysql:mysql-connector-java:jar:8.0.33 has been relocated to com.mysql:mysql-connector-j:jar:8.0.33: MySQL Connector/J artifacts moved to reverse-DNS compliant Maven 2+ coordinates.
2026-03-13 07:49:38,437 [Worker-16: Building] WARN  o.a.m.s.f.DefaultMavenResourcesFiltering - Using platform encoding (UTF-8 actually) to copy filtered resources, i.e. build is platform dependent!
2026-03-13 07:49:38,441 [Worker-16: Building] INFO  o.a.m.s.f.DefaultMavenResourcesFiltering - Copying 0 resource from src\main\resources to target\classes
2026-03-13 07:49:38,445 [Worker-16: Building] WARN  o.a.m.s.f.DefaultMavenResourcesFiltering - Using platform encoding (UTF-8 actually) to copy filtered resources, i.e. build is platform dependent!
2026-03-13 07:49:38,446 [Worker-16: Building] INFO  o.a.m.s.f.DefaultMavenResourcesFiltering - Copying 0 resource from src\test\resources to target\test-classes
2026-03-13 07:49:39,715 [Worker-29: Building] WARN  o.a.m.s.f.DefaultMavenResourcesFiltering - Using platform encoding (UTF-8 actually) to copy filtered resources, i.e. build is platform dependent!
2026-03-13 07:49:39,716 [Worker-29: Building] INFO  o.a.m.s.f.DefaultMavenResourcesFiltering - Copying 0 resource from src\main\resources to target\classes
2026-03-13 07:49:39,718 [Worker-29: Building] WARN  o.a.m.s.f.DefaultMavenResourcesFiltering - Using platform encoding (UTF-8 actually) to copy filtered resources, i.e. build is platform dependent!
2026-03-13 07:49:39,719 [Worker-29: Building] INFO  o.a.m.s.f.DefaultMavenResourcesFiltering - Copying 0 resource from src\test\resources to target\test-classes
2026-03-13 07:50:20,255 [Worker-26: Building] WARN  o.a.m.s.f.DefaultMavenResourcesFiltering - Using platform encoding (UTF-8 actually) to copy filtered resources, i.e. build is platform dependent!
2026-03-13 07:50:20,256 [Worker-26: Building] INFO  o.a.m.s.f.DefaultMavenResourcesFiltering - Copying 0 resource from src\main\resources to target\classes
2026-03-13 07:50:20,259 [Worker-26: Building] WARN  o.a.m.s.f.DefaultMavenResourcesFiltering - Using platform encoding (UTF-8 actually) to copy filtered resources, i.e. build is platform dependent!
2026-03-13 07:50:20,260 [Worker-26: Building] INFO  o.a.m.s.f.DefaultMavenResourcesFiltering - Copying 0 resource from src\test\resources to target\test-classes
2026-03-13 07:52:44,614 [Worker-24: Building] WARN  o.a.m.s.f.DefaultMavenResourcesFiltering - Using platform encoding (UTF-8 actually) to copy filtered resources, i.e. build is platform dependent!
2026-03-13 07:52:44,617 [Worker-24: Building] INFO  o.a.m.s.f.DefaultMavenResourcesFiltering - Copying 0 resource from src\main\resources to target\classes
2026-03-13 07:52:44,623 [Worker-24: Building] WARN  o.a.m.s.f.DefaultMavenResourcesFiltering - Using platform encoding (UTF-8 actually) to copy filtered resources, i.e. build is platform dependent!
2026-03-13 07:52:44,625 [Worker-24: Building] INFO  o.a.m.s.f.DefaultMavenResourcesFiltering - Copying 0 resource from src\test\resources to target\test-classes
2026-03-13 07:53:20,267 [Worker-31: Building] WARN  o.a.m.s.f.DefaultMavenResourcesFiltering - Using platform encoding (UTF-8 actually) to copy filtered resources, i.e. build is platform dependent!
2026-03-13 07:53:20,269 [Worker-31: Building] INFO  o.a.m.s.f.DefaultMavenResourcesFiltering - Copying 0 resource from src\main\resources to target\classes
2026-03-13 07:53:20,276 [Worker-31: Building] WARN  o.a.m.s.f.DefaultMavenResourcesFiltering - Using platform encoding (UTF-8 actually) to copy filtered resources, i.e. build is platform dependent!
2026-03-13 07:53:20,277 [Worker-31: Building] INFO  o.a.m.s.f.DefaultMavenResourcesFiltering - Copying 0 resource from src\test\resources to target\test-classes
2026-03-13 08:32:06,454 [Worker-40: Launching InsertData (1)] WARN  o.e.m.c.i.embedder.EclipseLogger - The artifact mysql:mysql-connector-java:jar:8.0.33 has been relocated to com.mysql:mysql-connector-j:jar:8.0.33: MySQL Connector/J artifacts moved to reverse-DNS compliant Maven 2+ coordinates.
2026-03-15 11:03:19,244 [Worker-41: Building] WARN  o.a.m.s.f.DefaultMavenResourcesFiltering - Using platform encoding (UTF-8 actually) to copy filtered resources, i.e. build is platform dependent!
2026-03-15 11:03:19,250 [Worker-41: Building] INFO  o.a.m.s.f.DefaultMavenResourcesFiltering - Copying 0 resource from src\main\resources to target\classes
2026-03-15 11:03:19,260 [Worker-41: Building] WARN  o.a.m.s.f.DefaultMavenResourcesFiltering - Using platform encoding (UTF-8 actually) to copy filtered resources, i.e. build is platform dependent!
2026-03-15 11:03:19,263 [Worker-41: Building] INFO  o.a.m.s.f.DefaultMavenResourcesFiltering - Copying 0 resource from src\test\resources to target\test-classes
2026-03-15 11:10:46,859 [Worker-6: Loading available Gradle versions] INFO  o.e.b.c.i.u.g.PublishedGradleVersions - Gradle version information cache is out-of-date. Trying to update.
2026-03-15 11:33:54,967 [Worker-33: Launching FirstStep2] WARN  o.e.m.c.i.embedder.EclipseLogger - The artifact mysql:mysql-connector-java:jar:8.0.33 has been relocated to com.mysql:mysql-connector-j:jar:8.0.33: MySQL Connector/J artifacts moved to reverse-DNS compliant Maven 2+ coordinates.
2026-03-15 11:33:55,519 [Worker-33: Launching FirstStep2] WARN  o.a.m.s.f.DefaultMavenResourcesFiltering - Using platform encoding (UTF-8 actually) to copy filtered resources, i.e. build is platform dependent!
2026-03-15 11:33:55,526 [Worker-33: Launching FirstStep2] INFO  o.a.m.s.f.DefaultMavenResourcesFiltering - Copying 0 resource from src\main\resources to target\classes
2026-03-15 11:33:55,535 [Worker-33: Launching FirstStep2] WARN  o.a.m.s.f.DefaultMavenResourcesFiltering - Using platform encoding (UTF-8 actually) to copy filtered resources, i.e. build is platform dependent!
2026-03-15 11:33:55,536 [Worker-33: Launching FirstStep2] INFO  o.a.m.s.f.DefaultMavenResourcesFiltering - Copying 0 resource from src\test\resources to target\test-classes
2026-03-15 11:34:08,536 [Worker-46: Launching FirstStep2] WARN  o.a.m.s.f.DefaultMavenResourcesFiltering - Using platform encoding (UTF-8 actually) to copy filtered resources, i.e. build is platform dependent!
2026-03-15 11:34:08,543 [Worker-46: Launching FirstStep2] INFO  o.a.m.s.f.DefaultMavenResourcesFiltering - Copying 0 resource from src\main\resources to target\classes
2026-03-15 11:34:08,550 [Worker-46: Launching FirstStep2] WARN  o.a.m.s.f.DefaultMavenResourcesFiltering - Using platform encoding (UTF-8 actually) to copy filtered resources, i.e. build is platform dependent!
2026-03-15 11:34:08,552 [Worker-46: Launching FirstStep2] INFO  o.a.m.s.f.DefaultMavenResourcesFiltering - Copying 0 resource from src\test\resources to target\test-classes
2026-03-15 12:06:20,955 [Worker-51: Launching SecondStep] WARN  o.a.m.s.f.DefaultMavenResourcesFiltering - Using platform encoding (UTF-8 actually) to copy filtered resources, i.e. build is platform dependent!
2026-03-15 12:06:20,961 [Worker-51: Launching SecondStep] INFO  o.a.m.s.f.DefaultMavenResourcesFiltering - Copying 0 resource from src\main\resources to target\classes
2026-03-15 12:06:20,964 [Worker-51: Launching SecondStep] WARN  o.a.m.s.f.DefaultMavenResourcesFiltering - Using platform encoding (UTF-8 actually) to copy filtered resources, i.e. build is platform dependent!
2026-03-15 12:06:20,965 [Worker-51: Launching SecondStep] INFO  o.a.m.s.f.DefaultMavenResourcesFiltering - Copying 0 resource from src\test\resources to target\test-classes
2026-03-15 12:12:20,247 [Worker-55: Launching InsertData] WARN  o.a.m.s.f.DefaultMavenResourcesFiltering - Using platform encoding (UTF-8 actually) to copy filtered resources, i.e. build is platform dependent!
2026-03-15 12:12:20,251 [Worker-55: Launching InsertData] INFO  o.a.m.s.f.DefaultMavenResourcesFiltering - Copying 0 resource from src\main\resources to target\classes
2026-03-15 12:12:20,257 [Worker-55: Launching InsertData] WARN  o.a.m.s.f.DefaultMavenResourcesFiltering - Using platform encoding (UTF-8 actually) to copy filtered resources, i.e. build is platform dependent!
2026-03-15 12:12:20,260 [Worker-55: Launching InsertData] INFO  o.a.m.s.f.DefaultMavenResourcesFiltering - Copying 0 resource from src\test\resources to target\test-classes
2026-03-15 12:32:44,242 [Worker-4: Loading available Gradle versions] INFO  o.e.b.c.i.u.g.PublishedGradleVersions - Gradle version information cache is up-to-date. Trying to read.
2026-03-16 07:18:55,429 [Worker-4: Loading available Gradle versions] INFO  o.e.b.c.i.u.g.PublishedGradleVersions - Gradle version information cache is up-to-date. Trying to read.
2026-03-16 07:51:44,626 [Worker-35: Building] WARN  o.e.m.c.i.embedder.EclipseLogger - The artifact mysql:mysql-connector-java:jar:8.0.33 has been relocated to com.mysql:mysql-connector-j:jar:8.0.33: MySQL Connector/J artifacts moved to reverse-DNS compliant Maven 2+ coordinates.
2026-03-16 07:51:46,535 [Worker-35: Building] WARN  o.a.m.s.f.DefaultMavenResourcesFiltering - Using platform encoding (UTF-8 actually) to copy filtered resources, i.e. build is platform dependent!
2026-03-16 07:51:46,546 [Worker-35: Building] INFO  o.a.m.s.f.DefaultMavenResourcesFiltering - Copying 0 resource from src\main\resources to target\classes
2026-03-16 07:51:46,556 [Worker-35: Building] WARN  o.a.m.s.f.DefaultMavenResourcesFiltering - Using platform encoding (UTF-8 actually) to copy filtered resources, i.e. build is platform dependent!
2026-03-16 07:51:46,558 [Worker-35: Building] INFO  o.a.m.s.f.DefaultMavenResourcesFiltering - Copying 0 resource from src\test\resources to target\test-classes
2026-03-16 07:51:48,653 [Worker-35: Building] WARN  o.e.m.c.i.embedder.EclipseLogger - The artifact mysql:mysql-connector-java:jar:8.0.33 has been relocated to com.mysql:mysql-connector-j:jar:8.0.33: MySQL Connector/J artifacts moved to reverse-DNS compliant Maven 2+ coordinates.
2026-03-16 07:51:48,670 [Worker-35: Building] WARN  o.a.m.s.f.DefaultMavenResourcesFiltering - Using platform encoding (UTF-8 actually) to copy filtered resources, i.e. build is platform dependent!
2026-03-16 07:51:48,671 [Worker-35: Building] INFO  o.a.m.s.f.DefaultMavenResourcesFiltering - Copying 0 resource from src\main\resources to target\classes
2026-03-16 07:51:48,676 [Worker-35: Building] WARN  o.a.m.s.f.DefaultMavenResourcesFiltering - Using platform encoding (UTF-8 actually) to copy filtered resources, i.e. build is platform dependent!
2026-03-16 07:51:48,677 [Worker-35: Building] INFO  o.a.m.s.f.DefaultMavenResourcesFiltering - Copying 0 resource from src\test\resources to target\test-classes
2026-03-16 07:51:48,788 [Worker-35: Building] WARN  o.e.m.c.i.embedder.EclipseLogger - The artifact mysql:mysql-connector-java:jar:8.0.33 has been relocated to com.mysql:mysql-connector-j:jar:8.0.33: MySQL Connector/J artifacts moved to reverse-DNS compliant Maven 2+ coordinates.
2026-03-16 07:51:48,807 [Worker-35: Building] WARN  o.a.m.s.f.DefaultMavenResourcesFiltering - Using platform encoding (UTF-8 actually) to copy filtered resources, i.e. build is platform dependent!
2026-03-16 07:51:48,809 [Worker-35: Building] INFO  o.a.m.s.f.DefaultMavenResourcesFiltering - Copying 0 resource from src\main\resources to target\classes
2026-03-16 07:51:48,814 [Worker-35: Building] WARN  o.a.m.s.f.DefaultMavenResourcesFiltering - Using platform encoding (UTF-8 actually) to copy filtered resources, i.e. build is platform dependent!
2026-03-16 07:51:48,817 [Worker-35: Building] INFO  o.a.m.s.f.DefaultMavenResourcesFiltering - Copying 0 resource from src\test\resources to target\test-classes
2026-03-16 07:54:39,818 [Worker-39: Building] WARN  o.a.m.s.f.DefaultMavenResourcesFiltering - Using platform encoding (UTF-8 actually) to copy filtered resources, i.e. build is platform dependent!
2026-03-16 07:54:39,824 [Worker-39: Building] INFO  o.a.m.s.f.DefaultMavenResourcesFiltering - Copying 0 resource from src\main\resources to target\classes
2026-03-16 07:54:39,831 [Worker-39: Building] WARN  o.a.m.s.f.DefaultMavenResourcesFiltering - Using platform encoding (UTF-8 actually) to copy filtered resources, i.e. build is platform dependent!
2026-03-16 07:54:39,834 [Worker-39: Building] INFO  o.a.m.s.f.DefaultMavenResourcesFiltering - Copying 0 resource from src\test\resources to target\test-classes
2026-03-16 07:56:45,917 [Worker-36: Building] WARN  o.a.m.s.f.DefaultMavenResourcesFiltering - Using platform encoding (UTF-8 actually) to copy filtered resources, i.e. build is platform dependent!
2026-03-16 07:56:45,919 [Worker-36: Building] INFO  o.a.m.s.f.DefaultMavenResourcesFiltering - Copying 0 resource from src\main\resources to target\classes
2026-03-16 07:56:45,924 [Worker-36: Building] WARN  o.a.m.s.f.DefaultMavenResourcesFiltering - Using platform encoding (UTF-8 actually) to copy filtered resources, i.e. build is platform dependent!
2026-03-16 07:56:45,944 [Worker-36: Building] INFO  o.a.m.s.f.DefaultMavenResourcesFiltering - Copying 0 resource from src\test\resources to target\test-classes
2026-03-16 07:58:38,273 [Worker-39: Launching StudentDriver] WARN  o.a.m.s.f.DefaultMavenResourcesFiltering - Using platform encoding (UTF-8 actually) to copy filtered resources, i.e. build is platform dependent!
2026-03-16 07:58:38,277 [Worker-39: Launching StudentDriver] INFO  o.a.m.s.f.DefaultMavenResourcesFiltering - Copying 0 resource from src\main\resources to target\classes
2026-03-16 07:58:38,283 [Worker-39: Launching StudentDriver] WARN  o.a.m.s.f.DefaultMavenResourcesFiltering - Using platform encoding (UTF-8 actually) to copy filtered resources, i.e. build is platform dependent!
2026-03-16 07:58:38,284 [Worker-39: Launching StudentDriver] INFO  o.a.m.s.f.DefaultMavenResourcesFiltering - Copying 0 resource from src\test\resources to target\test-classes
2026-03-16 08:15:54,784 [Worker-48: Building] WARN  o.a.m.s.f.DefaultMavenResourcesFiltering - Using platform encoding (UTF-8 actually) to copy filtered resources, i.e. build is platform dependent!
2026-03-16 08:15:54,787 [Worker-48: Building] INFO  o.a.m.s.f.DefaultMavenResourcesFiltering - Copying 0 resource from src\main\resources to target\classes
2026-03-16 08:15:54,791 [Worker-48: Building] WARN  o.a.m.s.f.DefaultMavenResourcesFiltering - Using platform encoding (UTF-8 actually) to copy filtered resources, i.e. build is platform dependent!
2026-03-16 08:15:54,793 [Worker-48: Building] INFO  o.a.m.s.f.DefaultMavenResourcesFiltering - Copying 0 resource from src\test\resources to target\test-classes
2026-03-16 08:16:01,657 [Worker-48: Building] WARN  o.a.m.s.f.DefaultMavenResourcesFiltering - Using platform encoding (UTF-8 actually) to copy filtered resources, i.e. build is platform dependent!
2026-03-16 08:16:01,661 [Worker-48: Building] INFO  o.a.m.s.f.DefaultMavenResourcesFiltering - Copying 0 resource from src\main\resources to target\classes
2026-03-16 08:16:01,667 [Worker-48: Building] WARN  o.a.m.s.f.DefaultMavenResourcesFiltering - Using platform encoding (UTF-8 actually) to copy filtered resources, i.e. build is platform dependent!
2026-03-16 08:16:01,669 [Worker-48: Building] INFO  o.a.m.s.f.DefaultMavenResourcesFiltering - Copying 0 resource from src\test\resources to target\test-classes
2026-03-16 08:18:18,218 [Worker-52: Building] WARN  o.a.m.s.f.DefaultMavenResourcesFiltering - Using platform encoding (UTF-8 actually) to copy filtered resources, i.e. build is platform dependent!
2026-03-16 08:18:18,223 [Worker-52: Building] INFO  o.a.m.s.f.DefaultMavenResourcesFiltering - Copying 0 resource from src\main\resources to target\classes
2026-03-16 08:18:18,229 [Worker-52: Building] WARN  o.a.m.s.f.DefaultMavenResourcesFiltering - Using platform encoding (UTF-8 actually) to copy filtered resources, i.e. build is platform dependent!
2026-03-16 08:18:18,231 [Worker-52: Building] INFO  o.a.m.s.f.DefaultMavenResourcesFiltering - Copying 0 resource from src\test\resources to target\test-classes
2026-03-16 08:22:36,872 [Worker-47: Building] WARN  o.a.m.s.f.DefaultMavenResourcesFiltering - Using platform encoding (UTF-8 actually) to copy filtered resources, i.e. build is platform dependent!
2026-03-16 08:22:36,874 [Worker-47: Building] INFO  o.a.m.s.f.DefaultMavenResourcesFiltering - Copying 0 resource from src\main\resources to target\classes
2026-03-16 08:22:36,878 [Worker-47: Building] WARN  o.a.m.s.f.DefaultMavenResourcesFiltering - Using platform encoding (UTF-8 actually) to copy filtered resources, i.e. build is platform dependent!
2026-03-16 08:22:36,898 [Worker-47: Building] INFO  o.a.m.s.f.DefaultMavenResourcesFiltering - Copying 0 resource from src\test\resources to target\test-classes
2026-03-16 08:23:17,559 [Worker-47: Building] WARN  o.a.m.s.f.DefaultMavenResourcesFiltering - Using platform encoding (UTF-8 actually) to copy filtered resources, i.e. build is platform dependent!
2026-03-16 08:23:17,561 [Worker-47: Building] INFO  o.a.m.s.f.DefaultMavenResourcesFiltering - Copying 0 resource from src\main\resources to target\classes
2026-03-16 08:23:17,567 [Worker-47: Building] WARN  o.a.m.s.f.DefaultMavenResourcesFiltering - Using platform encoding (UTF-8 actually) to copy filtered resources, i.e. build is platform dependent!
2026-03-16 08:23:17,569 [Worker-47: Building] INFO  o.a.m.s.f.DefaultMavenResourcesFiltering - Copying 0 resource from src\test\resources to target\test-classes
2026-03-18 21:01:01,521 [Worker-5: Loading available Gradle versions] INFO  o.e.b.c.i.u.g.PublishedGradleVersions - Gradle version information cache is out-of-date. Trying to update.
2026-03-18 21:01:02,675 [Worker-5: Loading available Gradle versions] INFO  o.e.b.c.i.u.g.PublishedGradleVersions - Updating Gradle version information cache failed. Using outdated cache.
2026-03-18 21:07:11,536 [ModalContext] INFO  o.e.m.c.i.e.AbstractTransferListenerAdapter - Downloaded https://repo.maven.apache.org/maven2/org/apache/maven/archetypes/maven-archetype-webapp/1.0/maven-archetype-webapp-1.0.pom
2026-03-18 21:08:04,453 [Worker-6: Launching mavenrun-18f5d943-3aeb-41d5-a906-a11e936a2a6c] INFO  o.eclipse.m2e.core.internal.Bundles - getClasspathEntries(Bundle=org.eclipse.m2e.maven.runtime_3.9.900.20240824-1409 [643])
2026-03-18 21:08:04,457 [Worker-6: Launching mavenrun-18f5d943-3aeb-41d5-a906-a11e936a2a6c] INFO  o.eclipse.m2e.core.internal.Bundles - 	Entry: D:\JAVA-ADVANCE-FILES\eclipse\plugins\org.eclipse.m2e.maven.runtime_3.9.900.20240824-1409
2026-03-18 21:08:04,458 [Worker-6: Launching mavenrun-18f5d943-3aeb-41d5-a906-a11e936a2a6c] INFO  o.eclipse.m2e.core.internal.Bundles - 	Entry: D:\JAVA-ADVANCE-FILES\eclipse\plugins\org.eclipse.m2e.maven.runtime_3.9.900.20240824-1409\jars\aopalliance-1.0.jar
2026-03-18 21:08:04,458 [Worker-6: Launching mavenrun-18f5d943-3aeb-41d5-a906-a11e936a2a6c] INFO  o.eclipse.m2e.core.internal.Bundles - 	Entry: D:\JAVA-ADVANCE-FILES\eclipse\plugins\org.eclipse.m2e.maven.runtime_3.9.900.20240824-1409\jars\guice-5.1.0.jar
2026-03-18 21:08:04,458 [Worker-6: Launching mavenrun-18f5d943-3aeb-41d5-a906-a11e936a2a6c] INFO  o.eclipse.m2e.core.internal.Bundles - 	Entry: D:\JAVA-ADVANCE-FILES\eclipse\plugins\org.eclipse.m2e.maven.runtime_3.9.900.20240824-1409\jars\httpclient-4.5.14.jar
2026-03-18 21:08:04,460 [Worker-6: Launching mavenrun-18f5d943-3aeb-41d5-a906-a11e936a2a6c] INFO  o.eclipse.m2e.core.internal.Bundles - 	Entry: D:\JAVA-ADVANCE-FILES\eclipse\plugins\org.eclipse.m2e.maven.runtime_3.9.900.20240824-1409\jars\httpcore-4.4.16.jar
2026-03-18 21:08:04,460 [Worker-6: Launching mavenrun-18f5d943-3aeb-41d5-a906-a11e936a2a6c] INFO  o.eclipse.m2e.core.internal.Bundles - 	Entry: D:\JAVA-ADVANCE-FILES\eclipse\plugins\org.eclipse.m2e.maven.runtime_3.9.900.20240824-1409\jars\jansi-2.4.1.jar
2026-03-18 21:08:04,460 [Worker-6: Launching mavenrun-18f5d943-3aeb-41d5-a906-a11e936a2a6c] INFO  o.eclipse.m2e.core.internal.Bundles - 	Entry: D:\JAVA-ADVANCE-FILES\eclipse\plugins\org.eclipse.m2e.maven.runtime_3.9.900.20240824-1409\jars\jcl-over-slf4j-1.7.36.jar
2026-03-18 21:08:04,460 [Worker-6: Launching mavenrun-18f5d943-3aeb-41d5-a906-a11e936a2a6c] INFO  o.eclipse.m2e.core.internal.Bundles - 	Entry: D:\JAVA-ADVANCE-FILES\eclipse\plugins\org.eclipse.m2e.maven.runtime_3.9.900.20240824-1409\jars\maven-artifact-3.9.9.jar
2026-03-18 21:08:04,460 [Worker-6: Launching mavenrun-18f5d943-3aeb-41d5-a906-a11e936a2a6c] INFO  o.eclipse.m2e.core.internal.Bundles - 	Entry: D:\JAVA-ADVANCE-FILES\eclipse\plugins\org.eclipse.m2e.maven.runtime_3.9.900.20240824-1409\jars\maven-builder-support-3.9.9.jar
2026-03-18 21:08:04,460 [Worker-6: Launching mavenrun-18f5d943-3aeb-41d5-a906-a11e936a2a6c] INFO  o.eclipse.m2e.core.internal.Bundles - 	Entry: D:\JAVA-ADVANCE-FILES\eclipse\plugins\org.eclipse.m2e.maven.runtime_3.9.900.20240824-1409\jars\maven-compat-3.9.9.jar
2026-03-18 21:08:04,461 [Worker-6: Launching mavenrun-18f5d943-3aeb-41d5-a906-a11e936a2a6c] INFO  o.eclipse.m2e.core.internal.Bundles - 	Entry: D:\JAVA-ADVANCE-FILES\eclipse\plugins\org.eclipse.m2e.maven.runtime_3.9.900.20240824-1409\jars\maven-core-3.9.9.jar
2026-03-18 21:08:04,461 [Worker-6: Launching mavenrun-18f5d943-3aeb-41d5-a906-a11e936a2a6c] INFO  o.eclipse.m2e.core.internal.Bundles - 	Entry: D:\JAVA-ADVANCE-FILES\eclipse\plugins\org.eclipse.m2e.maven.runtime_3.9.900.20240824-1409\jars\maven-embedder-3.9.9.jar
2026-03-18 21:08:04,461 [Worker-6: Launching mavenrun-18f5d943-3aeb-41d5-a906-a11e936a2a6c] INFO  o.eclipse.m2e.core.internal.Bundles - 	Entry: D:\JAVA-ADVANCE-FILES\eclipse\plugins\org.eclipse.m2e.maven.runtime_3.9.900.20240824-1409\jars\maven-model-3.9.9.jar
2026-03-18 21:08:04,461 [Worker-6: Launching mavenrun-18f5d943-3aeb-41d5-a906-a11e936a2a6c] INFO  o.eclipse.m2e.core.internal.Bundles - 	Entry: D:\JAVA-ADVANCE-FILES\eclipse\plugins\org.eclipse.m2e.maven.runtime_3.9.900.20240824-1409\jars\maven-model-builder-3.9.9.jar
2026-03-18 21:08:04,462 [Worker-6: Launching mavenrun-18f5d943-3aeb-41d5-a906-a11e936a2a6c] INFO  o.eclipse.m2e.core.internal.Bundles - 	Entry: D:\JAVA-ADVANCE-FILES\eclipse\plugins\org.eclipse.m2e.maven.runtime_3.9.900.20240824-1409\jars\maven-plugin-api-3.9.9.jar
2026-03-18 21:08:04,462 [Worker-6: Launching mavenrun-18f5d943-3aeb-41d5-a906-a11e936a2a6c] INFO  o.eclipse.m2e.core.internal.Bundles - 	Entry: D:\JAVA-ADVANCE-FILES\eclipse\plugins\org.eclipse.m2e.maven.runtime_3.9.900.20240824-1409\jars\maven-repository-metadata-3.9.9.jar
2026-03-18 21:08:04,462 [Worker-6: Launching mavenrun-18f5d943-3aeb-41d5-a906-a11e936a2a6c] INFO  o.eclipse.m2e.core.internal.Bundles - 	Entry: D:\JAVA-ADVANCE-FILES\eclipse\plugins\org.eclipse.m2e.maven.runtime_3.9.900.20240824-1409\jars\maven-resolver-api-1.9.22.jar
2026-03-18 21:08:04,462 [Worker-6: Launching mavenrun-18f5d943-3aeb-41d5-a906-a11e936a2a6c] INFO  o.eclipse.m2e.core.internal.Bundles - 	Entry: D:\JAVA-ADVANCE-FILES\eclipse\plugins\org.eclipse.m2e.maven.runtime_3.9.900.20240824-1409\jars\maven-resolver-connector-basic-1.9.22.jar
2026-03-18 21:08:04,462 [Worker-6: Launching mavenrun-18f5d943-3aeb-41d5-a906-a11e936a2a6c] INFO  o.eclipse.m2e.core.internal.Bundles - 	Entry: D:\JAVA-ADVANCE-FILES\eclipse\plugins\org.eclipse.m2e.maven.runtime_3.9.900.20240824-1409\jars\maven-resolver-impl-1.9.22.jar
2026-03-18 21:08:04,463 [Worker-6: Launching mavenrun-18f5d943-3aeb-41d5-a906-a11e936a2a6c] INFO  o.eclipse.m2e.core.internal.Bundles - 	Entry: D:\JAVA-ADVANCE-FILES\eclipse\plugins\org.eclipse.m2e.maven.runtime_3.9.900.20240824-1409\jars\maven-resolver-named-locks-1.9.22.jar
2026-03-18 21:08:04,463 [Worker-6: Launching mavenrun-18f5d943-3aeb-41d5-a906-a11e936a2a6c] INFO  o.eclipse.m2e.core.internal.Bundles - 	Entry: D:\JAVA-ADVANCE-FILES\eclipse\plugins\org.eclipse.m2e.maven.runtime_3.9.900.20240824-1409\jars\maven-resolver-provider-3.9.9.jar
2026-03-18 21:08:04,463 [Worker-6: Launching mavenrun-18f5d943-3aeb-41d5-a906-a11e936a2a6c] INFO  o.eclipse.m2e.core.internal.Bundles - 	Entry: D:\JAVA-ADVANCE-FILES\eclipse\plugins\org.eclipse.m2e.maven.runtime_3.9.900.20240824-1409\jars\maven-resolver-spi-1.9.22.jar
2026-03-18 21:08:04,463 [Worker-6: Launching mavenrun-18f5d943-3aeb-41d5-a906-a11e936a2a6c] INFO  o.eclipse.m2e.core.internal.Bundles - 	Entry: D:\JAVA-ADVANCE-FILES\eclipse\plugins\org.eclipse.m2e.maven.runtime_3.9.900.20240824-1409\jars\maven-resolver-transport-file-1.9.22.jar
2026-03-18 21:08:04,463 [Worker-6: Launching mavenrun-18f5d943-3aeb-41d5-a906-a11e936a2a6c] INFO  o.eclipse.m2e.core.internal.Bundles - 	Entry: D:\JAVA-ADVANCE-FILES\eclipse\plugins\org.eclipse.m2e.maven.runtime_3.9.900.20240824-1409\jars\maven-resolver-transport-http-1.9.22.jar
2026-03-18 21:08:04,463 [Worker-6: Launching mavenrun-18f5d943-3aeb-41d5-a906-a11e936a2a6c] INFO  o.eclipse.m2e.core.internal.Bundles - 	Entry: D:\JAVA-ADVANCE-FILES\eclipse\plugins\org.eclipse.m2e.maven.runtime_3.9.900.20240824-1409\jars\maven-resolver-transport-wagon-1.9.22.jar
2026-03-18 21:08:04,463 [Worker-6: Launching mavenrun-18f5d943-3aeb-41d5-a906-a11e936a2a6c] INFO  o.eclipse.m2e.core.internal.Bundles - 	Entry: D:\JAVA-ADVANCE-FILES\eclipse\plugins\org.eclipse.m2e.maven.runtime_3.9.900.20240824-1409\jars\maven-resolver-util-1.9.22.jar
2026-03-18 21:08:04,464 [Worker-6: Launching mavenrun-18f5d943-3aeb-41d5-a906-a11e936a2a6c] INFO  o.eclipse.m2e.core.internal.Bundles - 	Entry: D:\JAVA-ADVANCE-FILES\eclipse\plugins\org.eclipse.m2e.maven.runtime_3.9.900.20240824-1409\jars\maven-settings-3.9.9.jar
2026-03-18 21:08:04,464 [Worker-6: Launching mavenrun-18f5d943-3aeb-41d5-a906-a11e936a2a6c] INFO  o.eclipse.m2e.core.internal.Bundles - 	Entry: D:\JAVA-ADVANCE-FILES\eclipse\plugins\org.eclipse.m2e.maven.runtime_3.9.900.20240824-1409\jars\maven-settings-builder-3.9.9.jar
2026-03-18 21:08:04,464 [Worker-6: Launching mavenrun-18f5d943-3aeb-41d5-a906-a11e936a2a6c] INFO  o.eclipse.m2e.core.internal.Bundles - 	Entry: D:\JAVA-ADVANCE-FILES\eclipse\plugins\org.eclipse.m2e.maven.runtime_3.9.900.20240824-1409\jars\maven-shared-utils-3.4.2.jar
2026-03-18 21:08:04,464 [Worker-6: Launching mavenrun-18f5d943-3aeb-41d5-a906-a11e936a2a6c] INFO  o.eclipse.m2e.core.internal.Bundles - 	Entry: D:\JAVA-ADVANCE-FILES\eclipse\plugins\org.eclipse.m2e.maven.runtime_3.9.900.20240824-1409\jars\org.eclipse.sisu.inject-0.9.0.M3.jar
2026-03-18 21:08:04,464 [Worker-6: Launching mavenrun-18f5d943-3aeb-41d5-a906-a11e936a2a6c] INFO  o.eclipse.m2e.core.internal.Bundles - 	Entry: D:\JAVA-ADVANCE-FILES\eclipse\plugins\org.eclipse.m2e.maven.runtime_3.9.900.20240824-1409\jars\org.eclipse.sisu.plexus-0.9.0.M3.jar
2026-03-18 21:08:04,464 [Worker-6: Launching mavenrun-18f5d943-3aeb-41d5-a906-a11e936a2a6c] INFO  o.eclipse.m2e.core.internal.Bundles - 	Entry: D:\JAVA-ADVANCE-FILES\eclipse\plugins\org.eclipse.m2e.maven.runtime_3.9.900.20240824-1409\jars\plexus-build-api-0.0.7.jar
2026-03-18 21:08:04,465 [Worker-6: Launching mavenrun-18f5d943-3aeb-41d5-a906-a11e936a2a6c] INFO  o.eclipse.m2e.core.internal.Bundles - 	Entry: D:\JAVA-ADVANCE-FILES\eclipse\plugins\org.eclipse.m2e.maven.runtime_3.9.900.20240824-1409\jars\plexus-build-api-1.2.0.jar
2026-03-18 21:08:04,465 [Worker-6: Launching mavenrun-18f5d943-3aeb-41d5-a906-a11e936a2a6c] INFO  o.eclipse.m2e.core.internal.Bundles - 	Entry: D:\JAVA-ADVANCE-FILES\eclipse\plugins\org.eclipse.m2e.maven.runtime_3.9.900.20240824-1409\jars\plexus-cipher-2.0.jar
2026-03-18 21:08:04,465 [Worker-6: Launching mavenrun-18f5d943-3aeb-41d5-a906-a11e936a2a6c] INFO  o.eclipse.m2e.core.internal.Bundles - 	Entry: D:\JAVA-ADVANCE-FILES\eclipse\plugins\org.eclipse.m2e.maven.runtime_3.9.900.20240824-1409\jars\plexus-classworlds-2.8.0.jar
2026-03-18 21:08:04,465 [Worker-6: Launching mavenrun-18f5d943-3aeb-41d5-a906-a11e936a2a6c] INFO  o.eclipse.m2e.core.internal.Bundles - 	Entry: D:\JAVA-ADVANCE-FILES\eclipse\plugins\org.eclipse.m2e.maven.runtime_3.9.900.20240824-1409\jars\plexus-component-annotations-2.1.0.jar
2026-03-18 21:08:04,465 [Worker-6: Launching mavenrun-18f5d943-3aeb-41d5-a906-a11e936a2a6c] INFO  o.eclipse.m2e.core.internal.Bundles - 	Entry: D:\JAVA-ADVANCE-FILES\eclipse\plugins\org.eclipse.m2e.maven.runtime_3.9.900.20240824-1409\jars\plexus-interpolation-1.27.jar
2026-03-18 21:08:04,466 [Worker-6: Launching mavenrun-18f5d943-3aeb-41d5-a906-a11e936a2a6c] INFO  o.eclipse.m2e.core.internal.Bundles - 	Entry: D:\JAVA-ADVANCE-FILES\eclipse\plugins\org.eclipse.m2e.maven.runtime_3.9.900.20240824-1409\jars\plexus-sec-dispatcher-2.0.jar
2026-03-18 21:08:04,466 [Worker-6: Launching mavenrun-18f5d943-3aeb-41d5-a906-a11e936a2a6c] INFO  o.eclipse.m2e.core.internal.Bundles - 	Entry: D:\JAVA-ADVANCE-FILES\eclipse\plugins\org.eclipse.m2e.maven.runtime_3.9.900.20240824-1409\jars\plexus-utils-3.5.1.jar
2026-03-18 21:08:04,466 [Worker-6: Launching mavenrun-18f5d943-3aeb-41d5-a906-a11e936a2a6c] INFO  o.eclipse.m2e.core.internal.Bundles - 	Entry: D:\JAVA-ADVANCE-FILES\eclipse\plugins\org.eclipse.m2e.maven.runtime_3.9.900.20240824-1409\jars\plexus-xml-3.0.1.jar
2026-03-18 21:08:04,466 [Worker-6: Launching mavenrun-18f5d943-3aeb-41d5-a906-a11e936a2a6c] INFO  o.eclipse.m2e.core.internal.Bundles - 	Entry: D:\JAVA-ADVANCE-FILES\eclipse\plugins\org.eclipse.m2e.maven.runtime_3.9.900.20240824-1409\jars\wagon-file-3.5.3.jar
2026-03-18 21:08:04,466 [Worker-6: Launching mavenrun-18f5d943-3aeb-41d5-a906-a11e936a2a6c] INFO  o.eclipse.m2e.core.internal.Bundles - 	Entry: D:\JAVA-ADVANCE-FILES\eclipse\plugins\org.eclipse.m2e.maven.runtime_3.9.900.20240824-1409\jars\wagon-http-3.5.3.jar
2026-03-18 21:08:04,466 [Worker-6: Launching mavenrun-18f5d943-3aeb-41d5-a906-a11e936a2a6c] INFO  o.eclipse.m2e.core.internal.Bundles - 	Entry: D:\JAVA-ADVANCE-FILES\eclipse\plugins\org.eclipse.m2e.maven.runtime_3.9.900.20240824-1409\jars\wagon-http-shared-3.5.3.jar
2026-03-18 21:08:04,466 [Worker-6: Launching mavenrun-18f5d943-3aeb-41d5-a906-a11e936a2a6c] INFO  o.eclipse.m2e.core.internal.Bundles - 	Entry: D:\JAVA-ADVANCE-FILES\eclipse\plugins\org.eclipse.m2e.maven.runtime_3.9.900.20240824-1409\jars\wagon-provider-api-3.5.3.jar
2026-03-18 21:08:04,468 [Worker-6: Launching mavenrun-18f5d943-3aeb-41d5-a906-a11e936a2a6c] INFO  o.eclipse.m2e.core.internal.Bundles - getClasspathEntries(Bundle=com.google.guava_33.3.0.jre [16])
2026-03-18 21:08:04,469 [Worker-6: Launching mavenrun-18f5d943-3aeb-41d5-a906-a11e936a2a6c] INFO  o.eclipse.m2e.core.internal.Bundles - 	Entry: D:\JAVA-ADVANCE-FILES\eclipse\plugins\com.google.guava_33.3.0.jre.jar
2026-03-18 21:08:04,469 [Worker-6: Launching mavenrun-18f5d943-3aeb-41d5-a906-a11e936a2a6c] INFO  o.eclipse.m2e.core.internal.Bundles - getClasspathEntries(Bundle=slf4j.api_2.0.16 [1008])
2026-03-18 21:08:04,470 [Worker-6: Launching mavenrun-18f5d943-3aeb-41d5-a906-a11e936a2a6c] INFO  o.eclipse.m2e.core.internal.Bundles - 	Entry: D:\JAVA-ADVANCE-FILES\eclipse\plugins\slf4j.api_2.0.16.jar
2026-03-18 21:08:04,470 [Worker-6: Launching mavenrun-18f5d943-3aeb-41d5-a906-a11e936a2a6c] INFO  o.eclipse.m2e.core.internal.Bundles - getClasspathEntries(Bundle=jakarta.inject.jakarta.inject-api_1.0.5 [34])
2026-03-18 21:08:04,470 [Worker-6: Launching mavenrun-18f5d943-3aeb-41d5-a906-a11e936a2a6c] INFO  o.eclipse.m2e.core.internal.Bundles - 	Entry: D:\JAVA-ADVANCE-FILES\eclipse\plugins\jakarta.inject.jakarta.inject-api_1.0.5.jar
2026-03-18 21:08:04,470 [Worker-6: Launching mavenrun-18f5d943-3aeb-41d5-a906-a11e936a2a6c] INFO  o.eclipse.m2e.core.internal.Bundles - getClasspathEntries(Bundle=jakarta.annotation-api_1.3.5 [29])
2026-03-18 21:08:04,471 [Worker-6: Launching mavenrun-18f5d943-3aeb-41d5-a906-a11e936a2a6c] INFO  o.eclipse.m2e.core.internal.Bundles - 	Entry: D:\JAVA-ADVANCE-FILES\eclipse\plugins\jakarta.annotation-api_1.3.5.jar
2026-03-18 21:08:04,471 [Worker-6: Launching mavenrun-18f5d943-3aeb-41d5-a906-a11e936a2a6c] INFO  o.eclipse.m2e.core.internal.Bundles - getClasspathEntries(Bundle=org.apache.commons.cli_1.9.0 [78])
2026-03-18 21:08:04,472 [Worker-6: Launching mavenrun-18f5d943-3aeb-41d5-a906-a11e936a2a6c] INFO  o.eclipse.m2e.core.internal.Bundles - 	Entry: D:\JAVA-ADVANCE-FILES\eclipse\plugins\org.apache.commons.cli_1.9.0.jar
2026-03-18 21:08:04,472 [Worker-6: Launching mavenrun-18f5d943-3aeb-41d5-a906-a11e936a2a6c] INFO  o.eclipse.m2e.core.internal.Bundles - getClasspathEntries(Bundle=org.apache.commons.commons-codec_1.16.0 [81])
2026-03-18 21:08:04,472 [Worker-6: Launching mavenrun-18f5d943-3aeb-41d5-a906-a11e936a2a6c] INFO  o.eclipse.m2e.core.internal.Bundles - 	Entry: D:\JAVA-ADVANCE-FILES\eclipse\plugins\org.apache.commons.commons-codec_1.16.0.jar
2026-03-18 21:08:04,472 [Worker-6: Launching mavenrun-18f5d943-3aeb-41d5-a906-a11e936a2a6c] INFO  o.eclipse.m2e.core.internal.Bundles - getClasspathEntries(Bundle=com.google.guava.failureaccess_1.0.2 [17])
2026-03-18 21:08:04,473 [Worker-6: Launching mavenrun-18f5d943-3aeb-41d5-a906-a11e936a2a6c] INFO  o.eclipse.m2e.core.internal.Bundles - 	Entry: D:\JAVA-ADVANCE-FILES\eclipse\plugins\com.google.guava.failureaccess_1.0.2.jar
2026-03-18 21:08:04,481 [Worker-6: Launching mavenrun-18f5d943-3aeb-41d5-a906-a11e936a2a6c] INFO  o.e.m.i.launch.MavenLaunchDelegate - Run build in "C:\Users\gowda\AppData\Local\Temp\m2e-archetypeGenerator5778517243501762047":
2026-03-18 21:08:04,489 [Worker-6: Launching mavenrun-18f5d943-3aeb-41d5-a906-a11e936a2a6c] INFO  o.e.m.i.launch.MavenLaunchDelegate -  mvn  -DarchetypeGroupId=org.apache.maven.archetypes -DarchetypeArtifactId=maven-archetype-webapp -DarchetypeVersion=1.0 -DgroupId=com -DartifactId=servlet-first -Dversion=0.0.1-SNAPSHOT -Dpackage=com.servlet_first -DoutputDirectory=D:\JAVA-ADVANCE -Dstyle.color=always -U archetype:generate
2026-03-18 21:15:56,785 [Worker-35: Creating project "servlet-first"] INFO  o.e.m.c.i.l.LifecycleMappingFactory - Using org.eclipse.m2e.jdt.JarLifecycleMapping lifecycle mapping for MavenProject: com:servlet-first:0.0.1-SNAPSHOT @ D:\JAVA_ADVANCE_QSP\servlet-first\pom.xml.
2026-03-18 21:15:59,996 [Worker-35: Creating project "servlet-first"] INFO  o.e.m.j.i.AbstractJavaProjectConfigurator - Adding source folder /servlet-first/src/main/java
2026-03-18 21:16:00,002 [Worker-35: Creating project "servlet-first"] INFO  o.e.m.j.i.AbstractJavaProjectConfigurator - Adding resource folder /servlet-first/src/main/resources
2026-03-18 21:16:00,004 [Worker-35: Creating project "servlet-first"] INFO  o.e.m.j.i.AbstractJavaProjectConfigurator - Adding source folder /servlet-first/src/test/java
2026-03-18 21:16:00,006 [Worker-35: Creating project "servlet-first"] INFO  o.e.m.j.i.AbstractJavaProjectConfigurator - Adding resource folder /servlet-first/src/test/resources
2026-03-18 21:16:01,056 [Worker-37: Building] WARN  o.a.m.s.f.DefaultMavenResourcesFiltering - Using platform encoding (UTF-8 actually) to copy filtered resources, i.e. build is platform dependent!
2026-03-18 21:16:01,068 [Worker-37: Building] INFO  o.a.m.s.f.DefaultMavenResourcesFiltering - Copying 0 resource from src\main\resources to target\classes
2026-03-18 21:16:01,074 [Worker-37: Building] WARN  o.a.m.s.f.DefaultMavenResourcesFiltering - Using platform encoding (UTF-8 actually) to copy filtered resources, i.e. build is platform dependent!
2026-03-18 21:16:01,076 [Worker-37: Building] INFO  o.a.m.s.f.DefaultMavenResourcesFiltering - Copying 0 resource from src\test\resources to target\test-classes
2026-03-18 21:18:55,819 [Worker-6: Loading available Gradle versions] INFO  o.e.b.c.i.u.g.PublishedGradleVersions - Gradle version information cache is out-of-date. Trying to update.
2026-03-18 21:21:43,470 [Worker-26: Launching mavenrun-026d502a-ed5e-4423-ae93-6eb221dfc08b] INFO  o.eclipse.m2e.core.internal.Bundles - getClasspathEntries(Bundle=org.eclipse.m2e.maven.runtime_3.9.900.20240824-1409 [643])
2026-03-18 21:21:43,474 [Worker-26: Launching mavenrun-026d502a-ed5e-4423-ae93-6eb221dfc08b] INFO  o.eclipse.m2e.core.internal.Bundles - 	Entry: D:\JAVA-ADVANCE-FILES\eclipse\plugins\org.eclipse.m2e.maven.runtime_3.9.900.20240824-1409
2026-03-18 21:21:43,474 [Worker-26: Launching mavenrun-026d502a-ed5e-4423-ae93-6eb221dfc08b] INFO  o.eclipse.m2e.core.internal.Bundles - 	Entry: D:\JAVA-ADVANCE-FILES\eclipse\plugins\org.eclipse.m2e.maven.runtime_3.9.900.20240824-1409\jars\aopalliance-1.0.jar
2026-03-18 21:21:43,474 [Worker-26: Launching mavenrun-026d502a-ed5e-4423-ae93-6eb221dfc08b] INFO  o.eclipse.m2e.core.internal.Bundles - 	Entry: D:\JAVA-ADVANCE-FILES\eclipse\plugins\org.eclipse.m2e.maven.runtime_3.9.900.20240824-1409\jars\guice-5.1.0.jar
2026-03-18 21:21:43,474 [Worker-26: Launching mavenrun-026d502a-ed5e-4423-ae93-6eb221dfc08b] INFO  o.eclipse.m2e.core.internal.Bundles - 	Entry: D:\JAVA-ADVANCE-FILES\eclipse\plugins\org.eclipse.m2e.maven.runtime_3.9.900.20240824-1409\jars\httpclient-4.5.14.jar
2026-03-18 21:21:43,474 [Worker-26: Launching mavenrun-026d502a-ed5e-4423-ae93-6eb221dfc08b] INFO  o.eclipse.m2e.core.internal.Bundles - 	Entry: D:\JAVA-ADVANCE-FILES\eclipse\plugins\org.eclipse.m2e.maven.runtime_3.9.900.20240824-1409\jars\httpcore-4.4.16.jar
2026-03-18 21:21:43,474 [Worker-26: Launching mavenrun-026d502a-ed5e-4423-ae93-6eb221dfc08b] INFO  o.eclipse.m2e.core.internal.Bundles - 	Entry: D:\JAVA-ADVANCE-FILES\eclipse\plugins\org.eclipse.m2e.maven.runtime_3.9.900.20240824-1409\jars\jansi-2.4.1.jar
2026-03-18 21:21:43,474 [Worker-26: Launching mavenrun-026d502a-ed5e-4423-ae93-6eb221dfc08b] INFO  o.eclipse.m2e.core.internal.Bundles - 	Entry: D:\JAVA-ADVANCE-FILES\eclipse\plugins\org.eclipse.m2e.maven.runtime_3.9.900.20240824-1409\jars\jcl-over-slf4j-1.7.36.jar
2026-03-18 21:21:43,474 [Worker-26: Launching mavenrun-026d502a-ed5e-4423-ae93-6eb221dfc08b] INFO  o.eclipse.m2e.core.internal.Bundles - 	Entry: D:\JAVA-ADVANCE-FILES\eclipse\plugins\org.eclipse.m2e.maven.runtime_3.9.900.20240824-1409\jars\maven-artifact-3.9.9.jar
2026-03-18 21:21:43,474 [Worker-26: Launching mavenrun-026d502a-ed5e-4423-ae93-6eb221dfc08b] INFO  o.eclipse.m2e.core.internal.Bundles - 	Entry: D:\JAVA-ADVANCE-FILES\eclipse\plugins\org.eclipse.m2e.maven.runtime_3.9.900.20240824-1409\jars\maven-builder-support-3.9.9.jar
2026-03-18 21:21:43,475 [Worker-26: Launching mavenrun-026d502a-ed5e-4423-ae93-6eb221dfc08b] INFO  o.eclipse.m2e.core.internal.Bundles - 	Entry: D:\JAVA-ADVANCE-FILES\eclipse\plugins\org.eclipse.m2e.maven.runtime_3.9.900.20240824-1409\jars\maven-compat-3.9.9.jar
2026-03-18 21:21:43,475 [Worker-26: Launching mavenrun-026d502a-ed5e-4423-ae93-6eb221dfc08b] INFO  o.eclipse.m2e.core.internal.Bundles - 	Entry: D:\JAVA-ADVANCE-FILES\eclipse\plugins\org.eclipse.m2e.maven.runtime_3.9.900.20240824-1409\jars\maven-core-3.9.9.jar
2026-03-18 21:21:43,475 [Worker-26: Launching mavenrun-026d502a-ed5e-4423-ae93-6eb221dfc08b] INFO  o.eclipse.m2e.core.internal.Bundles - 	Entry: D:\JAVA-ADVANCE-FILES\eclipse\plugins\org.eclipse.m2e.maven.runtime_3.9.900.20240824-1409\jars\maven-embedder-3.9.9.jar
2026-03-18 21:21:43,475 [Worker-26: Launching mavenrun-026d502a-ed5e-4423-ae93-6eb221dfc08b] INFO  o.eclipse.m2e.core.internal.Bundles - 	Entry: D:\JAVA-ADVANCE-FILES\eclipse\plugins\org.eclipse.m2e.maven.runtime_3.9.900.20240824-1409\jars\maven-model-3.9.9.jar
2026-03-18 21:21:43,475 [Worker-26: Launching mavenrun-026d502a-ed5e-4423-ae93-6eb221dfc08b] INFO  o.eclipse.m2e.core.internal.Bundles - 	Entry: D:\JAVA-ADVANCE-FILES\eclipse\plugins\org.eclipse.m2e.maven.runtime_3.9.900.20240824-1409\jars\maven-model-builder-3.9.9.jar
2026-03-18 21:21:43,475 [Worker-26: Launching mavenrun-026d502a-ed5e-4423-ae93-6eb221dfc08b] INFO  o.eclipse.m2e.core.internal.Bundles - 	Entry: D:\JAVA-ADVANCE-FILES\eclipse\plugins\org.eclipse.m2e.maven.runtime_3.9.900.20240824-1409\jars\maven-plugin-api-3.9.9.jar
2026-03-18 21:21:43,475 [Worker-26: Launching mavenrun-026d502a-ed5e-4423-ae93-6eb221dfc08b] INFO  o.eclipse.m2e.core.internal.Bundles - 	Entry: D:\JAVA-ADVANCE-FILES\eclipse\plugins\org.eclipse.m2e.maven.runtime_3.9.900.20240824-1409\jars\maven-repository-metadata-3.9.9.jar
2026-03-18 21:21:43,475 [Worker-26: Launching mavenrun-026d502a-ed5e-4423-ae93-6eb221dfc08b] INFO  o.eclipse.m2e.core.internal.Bundles - 	Entry: D:\JAVA-ADVANCE-FILES\eclipse\plugins\org.eclipse.m2e.maven.runtime_3.9.900.20240824-1409\jars\maven-resolver-api-1.9.22.jar
2026-03-18 21:21:43,475 [Worker-26: Launching mavenrun-026d502a-ed5e-4423-ae93-6eb221dfc08b] INFO  o.eclipse.m2e.core.internal.Bundles - 	Entry: D:\JAVA-ADVANCE-FILES\eclipse\plugins\org.eclipse.m2e.maven.runtime_3.9.900.20240824-1409\jars\maven-resolver-connector-basic-1.9.22.jar
2026-03-18 21:21:43,476 [Worker-26: Launching mavenrun-026d502a-ed5e-4423-ae93-6eb221dfc08b] INFO  o.eclipse.m2e.core.internal.Bundles - 	Entry: D:\JAVA-ADVANCE-FILES\eclipse\plugins\org.eclipse.m2e.maven.runtime_3.9.900.20240824-1409\jars\maven-resolver-impl-1.9.22.jar
2026-03-18 21:21:43,476 [Worker-26: Launching mavenrun-026d502a-ed5e-4423-ae93-6eb221dfc08b] INFO  o.eclipse.m2e.core.internal.Bundles - 	Entry: D:\JAVA-ADVANCE-FILES\eclipse\plugins\org.eclipse.m2e.maven.runtime_3.9.900.20240824-1409\jars\maven-resolver-named-locks-1.9.22.jar
2026-03-18 21:21:43,476 [Worker-26: Launching mavenrun-026d502a-ed5e-4423-ae93-6eb221dfc08b] INFO  o.eclipse.m2e.core.internal.Bundles - 	Entry: D:\JAVA-ADVANCE-FILES\eclipse\plugins\org.eclipse.m2e.maven.runtime_3.9.900.20240824-1409\jars\maven-resolver-provider-3.9.9.jar
2026-03-18 21:21:43,476 [Worker-26: Launching mavenrun-026d502a-ed5e-4423-ae93-6eb221dfc08b] INFO  o.eclipse.m2e.core.internal.Bundles - 	Entry: D:\JAVA-ADVANCE-FILES\eclipse\plugins\org.eclipse.m2e.maven.runtime_3.9.900.20240824-1409\jars\maven-resolver-spi-1.9.22.jar
2026-03-18 21:21:43,476 [Worker-26: Launching mavenrun-026d502a-ed5e-4423-ae93-6eb221dfc08b] INFO  o.eclipse.m2e.core.internal.Bundles - 	Entry: D:\JAVA-ADVANCE-FILES\eclipse\plugins\org.eclipse.m2e.maven.runtime_3.9.900.20240824-1409\jars\maven-resolver-transport-file-1.9.22.jar
2026-03-18 21:21:43,476 [Worker-26: Launching mavenrun-026d502a-ed5e-4423-ae93-6eb221dfc08b] INFO  o.eclipse.m2e.core.internal.Bundles - 	Entry: D:\JAVA-ADVANCE-FILES\eclipse\plugins\org.eclipse.m2e.maven.runtime_3.9.900.20240824-1409\jars\maven-resolver-transport-http-1.9.22.jar
2026-03-18 21:21:43,476 [Worker-26: Launching mavenrun-026d502a-ed5e-4423-ae93-6eb221dfc08b] INFO  o.eclipse.m2e.core.internal.Bundles - 	Entry: D:\JAVA-ADVANCE-FILES\eclipse\plugins\org.eclipse.m2e.maven.runtime_3.9.900.20240824-1409\jars\maven-resolver-transport-wagon-1.9.22.jar
2026-03-18 21:21:43,476 [Worker-26: Launching mavenrun-026d502a-ed5e-4423-ae93-6eb221dfc08b] INFO  o.eclipse.m2e.core.internal.Bundles - 	Entry: D:\JAVA-ADVANCE-FILES\eclipse\plugins\org.eclipse.m2e.maven.runtime_3.9.900.20240824-1409\jars\maven-resolver-util-1.9.22.jar
2026-03-18 21:21:43,476 [Worker-26: Launching mavenrun-026d502a-ed5e-4423-ae93-6eb221dfc08b] INFO  o.eclipse.m2e.core.internal.Bundles - 	Entry: D:\JAVA-ADVANCE-FILES\eclipse\plugins\org.eclipse.m2e.maven.runtime_3.9.900.20240824-1409\jars\maven-settings-3.9.9.jar
2026-03-18 21:21:43,476 [Worker-26: Launching mavenrun-026d502a-ed5e-4423-ae93-6eb221dfc08b] INFO  o.eclipse.m2e.core.internal.Bundles - 	Entry: D:\JAVA-ADVANCE-FILES\eclipse\plugins\org.eclipse.m2e.maven.runtime_3.9.900.20240824-1409\jars\maven-settings-builder-3.9.9.jar
2026-03-18 21:21:43,476 [Worker-26: Launching mavenrun-026d502a-ed5e-4423-ae93-6eb221dfc08b] INFO  o.eclipse.m2e.core.internal.Bundles - 	Entry: D:\JAVA-ADVANCE-FILES\eclipse\plugins\org.eclipse.m2e.maven.runtime_3.9.900.20240824-1409\jars\maven-shared-utils-3.4.2.jar
2026-03-18 21:21:43,476 [Worker-26: Launching mavenrun-026d502a-ed5e-4423-ae93-6eb221dfc08b] INFO  o.eclipse.m2e.core.internal.Bundles - 	Entry: D:\JAVA-ADVANCE-FILES\eclipse\plugins\org.eclipse.m2e.maven.runtime_3.9.900.20240824-1409\jars\org.eclipse.sisu.inject-0.9.0.M3.jar
2026-03-18 21:21:43,476 [Worker-26: Launching mavenrun-026d502a-ed5e-4423-ae93-6eb221dfc08b] INFO  o.eclipse.m2e.core.internal.Bundles - 	Entry: D:\JAVA-ADVANCE-FILES\eclipse\plugins\org.eclipse.m2e.maven.runtime_3.9.900.20240824-1409\jars\org.eclipse.sisu.plexus-0.9.0.M3.jar
2026-03-18 21:21:43,478 [Worker-26: Launching mavenrun-026d502a-ed5e-4423-ae93-6eb221dfc08b] INFO  o.eclipse.m2e.core.internal.Bundles - 	Entry: D:\JAVA-ADVANCE-FILES\eclipse\plugins\org.eclipse.m2e.maven.runtime_3.9.900.20240824-1409\jars\plexus-build-api-0.0.7.jar
2026-03-18 21:21:43,478 [Worker-26: Launching mavenrun-026d502a-ed5e-4423-ae93-6eb221dfc08b] INFO  o.eclipse.m2e.core.internal.Bundles - 	Entry: D:\JAVA-ADVANCE-FILES\eclipse\plugins\org.eclipse.m2e.maven.runtime_3.9.900.20240824-1409\jars\plexus-build-api-1.2.0.jar
2026-03-18 21:21:43,478 [Worker-26: Launching mavenrun-026d502a-ed5e-4423-ae93-6eb221dfc08b] INFO  o.eclipse.m2e.core.internal.Bundles - 	Entry: D:\JAVA-ADVANCE-FILES\eclipse\plugins\org.eclipse.m2e.maven.runtime_3.9.900.20240824-1409\jars\plexus-cipher-2.0.jar
2026-03-18 21:21:43,478 [Worker-26: Launching mavenrun-026d502a-ed5e-4423-ae93-6eb221dfc08b] INFO  o.eclipse.m2e.core.internal.Bundles - 	Entry: D:\JAVA-ADVANCE-FILES\eclipse\plugins\org.eclipse.m2e.maven.runtime_3.9.900.20240824-1409\jars\plexus-classworlds-2.8.0.jar
2026-03-18 21:21:43,478 [Worker-26: Launching mavenrun-026d502a-ed5e-4423-ae93-6eb221dfc08b] INFO  o.eclipse.m2e.core.internal.Bundles - 	Entry: D:\JAVA-ADVANCE-FILES\eclipse\plugins\org.eclipse.m2e.maven.runtime_3.9.900.20240824-1409\jars\plexus-component-annotations-2.1.0.jar
2026-03-18 21:21:43,478 [Worker-26: Launching mavenrun-026d502a-ed5e-4423-ae93-6eb221dfc08b] INFO  o.eclipse.m2e.core.internal.Bundles - 	Entry: D:\JAVA-ADVANCE-FILES\eclipse\plugins\org.eclipse.m2e.maven.runtime_3.9.900.20240824-1409\jars\plexus-interpolation-1.27.jar
2026-03-18 21:21:43,478 [Worker-26: Launching mavenrun-026d502a-ed5e-4423-ae93-6eb221dfc08b] INFO  o.eclipse.m2e.core.internal.Bundles - 	Entry: D:\JAVA-ADVANCE-FILES\eclipse\plugins\org.eclipse.m2e.maven.runtime_3.9.900.20240824-1409\jars\plexus-sec-dispatcher-2.0.jar
2026-03-18 21:21:43,478 [Worker-26: Launching mavenrun-026d502a-ed5e-4423-ae93-6eb221dfc08b] INFO  o.eclipse.m2e.core.internal.Bundles - 	Entry: D:\JAVA-ADVANCE-FILES\eclipse\plugins\org.eclipse.m2e.maven.runtime_3.9.900.20240824-1409\jars\plexus-utils-3.5.1.jar
2026-03-18 21:21:43,478 [Worker-26: Launching mavenrun-026d502a-ed5e-4423-ae93-6eb221dfc08b] INFO  o.eclipse.m2e.core.internal.Bundles - 	Entry: D:\JAVA-ADVANCE-FILES\eclipse\plugins\org.eclipse.m2e.maven.runtime_3.9.900.20240824-1409\jars\plexus-xml-3.0.1.jar
2026-03-18 21:21:43,478 [Worker-26: Launching mavenrun-026d502a-ed5e-4423-ae93-6eb221dfc08b] INFO  o.eclipse.m2e.core.internal.Bundles - 	Entry: D:\JAVA-ADVANCE-FILES\eclipse\plugins\org.eclipse.m2e.maven.runtime_3.9.900.20240824-1409\jars\wagon-file-3.5.3.jar
2026-03-18 21:21:43,478 [Worker-26: Launching mavenrun-026d502a-ed5e-4423-ae93-6eb221dfc08b] INFO  o.eclipse.m2e.core.internal.Bundles - 	Entry: D:\JAVA-ADVANCE-FILES\eclipse\plugins\org.eclipse.m2e.maven.runtime_3.9.900.20240824-1409\jars\wagon-http-3.5.3.jar
2026-03-18 21:21:43,478 [Worker-26: Launching mavenrun-026d502a-ed5e-4423-ae93-6eb221dfc08b] INFO  o.eclipse.m2e.core.internal.Bundles - 	Entry: D:\JAVA-ADVANCE-FILES\eclipse\plugins\org.eclipse.m2e.maven.runtime_3.9.900.20240824-1409\jars\wagon-http-shared-3.5.3.jar
2026-03-18 21:21:43,479 [Worker-26: Launching mavenrun-026d502a-ed5e-4423-ae93-6eb221dfc08b] INFO  o.eclipse.m2e.core.internal.Bundles - 	Entry: D:\JAVA-ADVANCE-FILES\eclipse\plugins\org.eclipse.m2e.maven.runtime_3.9.900.20240824-1409\jars\wagon-provider-api-3.5.3.jar
2026-03-18 21:21:43,480 [Worker-26: Launching mavenrun-026d502a-ed5e-4423-ae93-6eb221dfc08b] INFO  o.eclipse.m2e.core.internal.Bundles - getClasspathEntries(Bundle=com.google.guava_33.3.0.jre [16])
2026-03-18 21:21:43,481 [Worker-26: Launching mavenrun-026d502a-ed5e-4423-ae93-6eb221dfc08b] INFO  o.eclipse.m2e.core.internal.Bundles - 	Entry: D:\JAVA-ADVANCE-FILES\eclipse\plugins\com.google.guava_33.3.0.jre.jar
2026-03-18 21:21:43,481 [Worker-26: Launching mavenrun-026d502a-ed5e-4423-ae93-6eb221dfc08b] INFO  o.eclipse.m2e.core.internal.Bundles - getClasspathEntries(Bundle=slf4j.api_2.0.16 [1008])
2026-03-18 21:21:43,481 [Worker-26: Launching mavenrun-026d502a-ed5e-4423-ae93-6eb221dfc08b] INFO  o.eclipse.m2e.core.internal.Bundles - 	Entry: D:\JAVA-ADVANCE-FILES\eclipse\plugins\slf4j.api_2.0.16.jar
2026-03-18 21:21:43,481 [Worker-26: Launching mavenrun-026d502a-ed5e-4423-ae93-6eb221dfc08b] INFO  o.eclipse.m2e.core.internal.Bundles - getClasspathEntries(Bundle=jakarta.inject.jakarta.inject-api_1.0.5 [34])
2026-03-18 21:21:43,481 [Worker-26: Launching mavenrun-026d502a-ed5e-4423-ae93-6eb221dfc08b] INFO  o.eclipse.m2e.core.internal.Bundles - 	Entry: D:\JAVA-ADVANCE-FILES\eclipse\plugins\jakarta.inject.jakarta.inject-api_1.0.5.jar
2026-03-18 21:21:43,482 [Worker-26: Launching mavenrun-026d502a-ed5e-4423-ae93-6eb221dfc08b] INFO  o.eclipse.m2e.core.internal.Bundles - getClasspathEntries(Bundle=jakarta.annotation-api_1.3.5 [29])
2026-03-18 21:21:43,482 [Worker-26: Launching mavenrun-026d502a-ed5e-4423-ae93-6eb221dfc08b] INFO  o.eclipse.m2e.core.internal.Bundles - 	Entry: D:\JAVA-ADVANCE-FILES\eclipse\plugins\jakarta.annotation-api_1.3.5.jar
2026-03-18 21:21:43,482 [Worker-26: Launching mavenrun-026d502a-ed5e-4423-ae93-6eb221dfc08b] INFO  o.eclipse.m2e.core.internal.Bundles - getClasspathEntries(Bundle=org.apache.commons.cli_1.9.0 [78])
2026-03-18 21:21:43,482 [Worker-26: Launching mavenrun-026d502a-ed5e-4423-ae93-6eb221dfc08b] INFO  o.eclipse.m2e.core.internal.Bundles - 	Entry: D:\JAVA-ADVANCE-FILES\eclipse\plugins\org.apache.commons.cli_1.9.0.jar
2026-03-18 21:21:43,482 [Worker-26: Launching mavenrun-026d502a-ed5e-4423-ae93-6eb221dfc08b] INFO  o.eclipse.m2e.core.internal.Bundles - getClasspathEntries(Bundle=org.apache.commons.commons-codec_1.16.0 [81])
2026-03-18 21:21:43,482 [Worker-26: Launching mavenrun-026d502a-ed5e-4423-ae93-6eb221dfc08b] INFO  o.eclipse.m2e.core.internal.Bundles - 	Entry: D:\JAVA-ADVANCE-FILES\eclipse\plugins\org.apache.commons.commons-codec_1.16.0.jar
2026-03-18 21:21:43,482 [Worker-26: Launching mavenrun-026d502a-ed5e-4423-ae93-6eb221dfc08b] INFO  o.eclipse.m2e.core.internal.Bundles - getClasspathEntries(Bundle=com.google.guava.failureaccess_1.0.2 [17])
2026-03-18 21:21:43,482 [Worker-26: Launching mavenrun-026d502a-ed5e-4423-ae93-6eb221dfc08b] INFO  o.eclipse.m2e.core.internal.Bundles - 	Entry: D:\JAVA-ADVANCE-FILES\eclipse\plugins\com.google.guava.failureaccess_1.0.2.jar
2026-03-18 21:21:43,714 [Worker-26: Launching mavenrun-026d502a-ed5e-4423-ae93-6eb221dfc08b] INFO  o.e.m.i.launch.MavenLaunchDelegate - Run build in "C:\Users\gowda\AppData\Local\Temp\m2e-archetypeGenerator3471868818763799029":
2026-03-18 21:21:43,736 [Worker-26: Launching mavenrun-026d502a-ed5e-4423-ae93-6eb221dfc08b] INFO  o.e.m.i.launch.MavenLaunchDelegate -  mvn  -DarchetypeGroupId=org.apache.maven.archetypes -DarchetypeArtifactId=maven-archetype-webapp -DarchetypeVersion=1.0 -DgroupId=com -DartifactId=servlet-first -Dversion=0.0.1-SNAPSHOT -Dpackage=com.servlet_first -DoutputDirectory=D:\JAVA_ADVANCE_QSP -Dstyle.color=always -U archetype:generate
2026-03-18 21:23:07,509 [Worker-22: Creating maven-archetype-webapp] INFO  o.e.m.c.i.p.ProjectConfigurationManager - Collecting project info '/pom.xml' D:\JAVA_ADVANCE_QSP\servlet-first\pom.xml
2026-03-18 21:23:09,866 [Worker-22: Creating maven-archetype-webapp] INFO  o.e.m.c.i.e.AbstractTransferListenerAdapter - Downloading https://repo.maven.apache.org/maven2/org/apache/maven/plugins/maven-war-plugin/3.4.0/maven-war-plugin-3.4.0.jar
2026-03-18 21:23:10,053 [Worker-22: Creating maven-archetype-webapp] INFO  o.e.m.c.i.e.AbstractTransferListenerAdapter - Downloaded https://repo.maven.apache.org/maven2/org/apache/maven/plugins/maven-war-plugin/3.4.0/maven-war-plugin-3.4.0.jar
2026-03-18 21:23:11,027 [Worker-22: Creating maven-archetype-webapp] INFO  o.e.m.c.i.l.LifecycleMappingFactory - Using org.maven.ide.eclipse.wtp.WarLifecycleMapping lifecycle mapping for MavenProject: com:servlet-first:0.0.1-SNAPSHOT @ D:\JAVA_ADVANCE_QSP\servlet-first\pom.xml.
2026-03-18 21:23:11,275 [Worker-22: Creating maven-archetype-webapp] INFO  o.e.m.c.i.e.AbstractTransferListenerAdapter - Downloading https://repo.maven.apache.org/maven2/org/apache/maven/plugins/maven-war-plugin/3.4.0/maven-war-plugin-3.4.0.pom
2026-03-18 21:23:11,303 [Worker-22: Creating maven-archetype-webapp] INFO  o.e.m.c.i.e.AbstractTransferListenerAdapter - Downloaded https://repo.maven.apache.org/maven2/org/apache/maven/plugins/maven-war-plugin/3.4.0/maven-war-plugin-3.4.0.pom
2026-03-18 21:23:11,388 [Worker-22: Creating maven-archetype-webapp] INFO  o.e.m.c.i.e.AbstractTransferListenerAdapter - Downloading https://repo.maven.apache.org/maven2/org/apache/maven/maven-archiver/3.6.0/maven-archiver-3.6.0.pom
2026-03-18 21:23:11,414 [Worker-22: Creating maven-archetype-webapp] INFO  o.e.m.c.i.e.AbstractTransferListenerAdapter - Downloaded https://repo.maven.apache.org/maven2/org/apache/maven/maven-archiver/3.6.0/maven-archiver-3.6.0.pom
2026-03-18 21:23:11,525 [Worker-22: Creating maven-archetype-webapp] INFO  o.e.m.c.i.e.AbstractTransferListenerAdapter - Downloading https://repo.maven.apache.org/maven2/org/codehaus/plexus/plexus-io/3.4.0/plexus-io-3.4.0.pom
2026-03-18 21:23:11,547 [Worker-22: Creating maven-archetype-webapp] INFO  o.e.m.c.i.e.AbstractTransferListenerAdapter - Downloaded https://repo.maven.apache.org/maven2/org/codehaus/plexus/plexus-io/3.4.0/plexus-io-3.4.0.pom
2026-03-18 21:23:11,650 [Worker-22: Creating maven-archetype-webapp] INFO  o.e.m.c.i.e.AbstractTransferListenerAdapter - Downloading https://repo.maven.apache.org/maven2/org/codehaus/plexus/plexus-archiver/4.4.0/plexus-archiver-4.4.0.pom
2026-03-18 21:23:11,675 [Worker-22: Creating maven-archetype-webapp] INFO  o.e.m.c.i.e.AbstractTransferListenerAdapter - Downloaded https://repo.maven.apache.org/maven2/org/codehaus/plexus/plexus-archiver/4.4.0/plexus-archiver-4.4.0.pom
2026-03-18 21:23:11,822 [Worker-22: Creating maven-archetype-webapp] INFO  o.e.m.c.i.e.AbstractTransferListenerAdapter - Downloading https://repo.maven.apache.org/maven2/commons-io/commons-io/2.13.0/commons-io-2.13.0.pom
2026-03-18 21:23:11,855 [Worker-22: Creating maven-archetype-webapp] INFO  o.e.m.c.i.e.AbstractTransferListenerAdapter - Downloaded https://repo.maven.apache.org/maven2/commons-io/commons-io/2.13.0/commons-io-2.13.0.pom
2026-03-18 21:23:12,015 [Worker-22: Creating maven-archetype-webapp] INFO  o.e.m.c.i.e.AbstractTransferListenerAdapter - Downloading https://repo.maven.apache.org/maven2/org/apache/commons/commons-parent/58/commons-parent-58.pom
2026-03-18 21:23:12,045 [Worker-22: Creating maven-archetype-webapp] INFO  o.e.m.c.i.e.AbstractTransferListenerAdapter - Downloaded https://repo.maven.apache.org/maven2/org/apache/commons/commons-parent/58/commons-parent-58.pom
2026-03-18 21:23:12,165 [Worker-22: Creating maven-archetype-webapp] INFO  o.e.m.c.i.e.AbstractTransferListenerAdapter - Downloading https://repo.maven.apache.org/maven2/org/codehaus/plexus/plexus-archiver/4.7.1/plexus-archiver-4.7.1.pom
2026-03-18 21:23:12,191 [Worker-22: Creating maven-archetype-webapp] INFO  o.e.m.c.i.e.AbstractTransferListenerAdapter - Downloaded https://repo.maven.apache.org/maven2/org/codehaus/plexus/plexus-archiver/4.7.1/plexus-archiver-4.7.1.pom
2026-03-18 21:23:12,245 [Worker-22: Creating maven-archetype-webapp] INFO  o.e.m.c.i.e.AbstractTransferListenerAdapter - Downloading https://repo.maven.apache.org/maven2/org/codehaus/plexus/plexus-io/3.4.1/plexus-io-3.4.1.pom
2026-03-18 21:23:12,269 [Worker-22: Creating maven-archetype-webapp] INFO  o.e.m.c.i.e.AbstractTransferListenerAdapter - Downloaded https://repo.maven.apache.org/maven2/org/codehaus/plexus/plexus-io/3.4.1/plexus-io-3.4.1.pom
2026-03-18 21:23:12,459 [Worker-22: Creating maven-archetype-webapp] INFO  o.e.m.c.i.e.AbstractTransferListenerAdapter - Downloading https://repo.maven.apache.org/maven2/org/apache/commons/commons-compress/1.23.0/commons-compress-1.23.0.pom
2026-03-18 21:23:12,486 [Worker-22: Creating maven-archetype-webapp] INFO  o.e.m.c.i.e.AbstractTransferListenerAdapter - Downloaded https://repo.maven.apache.org/maven2/org/apache/commons/commons-compress/1.23.0/commons-compress-1.23.0.pom
2026-03-18 21:23:12,645 [Worker-22: Creating maven-archetype-webapp] INFO  o.e.m.c.i.e.AbstractTransferListenerAdapter - Downloading https://repo.maven.apache.org/maven2/org/apache/commons/commons-parent/56/commons-parent-56.pom
2026-03-18 21:23:12,686 [Worker-22: Creating maven-archetype-webapp] INFO  o.e.m.c.i.e.AbstractTransferListenerAdapter - Downloaded https://repo.maven.apache.org/maven2/org/apache/commons/commons-parent/56/commons-parent-56.pom
2026-03-18 21:23:12,770 [Worker-22: Creating maven-archetype-webapp] INFO  o.e.m.c.i.e.AbstractTransferListenerAdapter - Downloading https://repo.maven.apache.org/maven2/org/junit/junit-bom/5.9.1/junit-bom-5.9.1.pom
2026-03-18 21:23:12,795 [Worker-22: Creating maven-archetype-webapp] INFO  o.e.m.c.i.e.AbstractTransferListenerAdapter - Downloaded https://repo.maven.apache.org/maven2/org/junit/junit-bom/5.9.1/junit-bom-5.9.1.pom
2026-03-18 21:23:12,858 [Worker-22: Creating maven-archetype-webapp] INFO  o.e.m.c.i.e.AbstractTransferListenerAdapter - Downloading https://repo.maven.apache.org/maven2/com/github/luben/zstd-jni/1.5.5-2/zstd-jni-1.5.5-2.pom
2026-03-18 21:23:12,882 [Worker-22: Creating maven-archetype-webapp] INFO  o.e.m.c.i.e.AbstractTransferListenerAdapter - Downloaded https://repo.maven.apache.org/maven2/com/github/luben/zstd-jni/1.5.5-2/zstd-jni-1.5.5-2.pom
2026-03-18 21:23:13,002 [Worker-22: Creating maven-archetype-webapp] INFO  o.e.m.c.i.e.AbstractTransferListenerAdapter - Downloading https://repo.maven.apache.org/maven2/org/apache/maven/shared/maven-mapping/3.0.0/maven-mapping-3.0.0.pom
2026-03-18 21:23:13,028 [Worker-22: Creating maven-archetype-webapp] INFO  o.e.m.c.i.e.AbstractTransferListenerAdapter - Downloaded https://repo.maven.apache.org/maven2/org/apache/maven/shared/maven-mapping/3.0.0/maven-mapping-3.0.0.pom
2026-03-18 21:23:13,274 [Worker-22: Creating maven-archetype-webapp] INFO  o.e.m.c.i.e.AbstractTransferListenerAdapter - Downloading https://repo.maven.apache.org/maven2/org/apache/maven/maven-settings/3.2.5/maven-settings-3.2.5.pom
2026-03-18 21:23:13,298 [Worker-22: Creating maven-archetype-webapp] INFO  o.e.m.c.i.e.AbstractTransferListenerAdapter - Downloaded https://repo.maven.apache.org/maven2/org/apache/maven/maven-settings/3.2.5/maven-settings-3.2.5.pom
2026-03-18 21:23:13,493 [Worker-22: Creating maven-archetype-webapp] INFO  o.e.m.c.i.e.AbstractTransferListenerAdapter - Downloading https://repo.maven.apache.org/maven2/org/apache/maven/maven/3.2.5/maven-3.2.5.pom
2026-03-18 21:23:13,528 [Worker-22: Creating maven-archetype-webapp] INFO  o.e.m.c.i.e.AbstractTransferListenerAdapter - Downloaded https://repo.maven.apache.org/maven2/org/apache/maven/maven/3.2.5/maven-3.2.5.pom
2026-03-18 21:23:14,466 [Worker-22: Creating maven-archetype-webapp] INFO  o.e.m.c.i.e.AbstractTransferListenerAdapter - Downloading https://repo.maven.apache.org/maven2/org/codehaus/plexus/plexus-interpolation/1.21/plexus-interpolation-1.21.pom
2026-03-18 21:23:14,493 [Worker-22: Creating maven-archetype-webapp] INFO  o.e.m.c.i.e.AbstractTransferListenerAdapter - Downloaded https://repo.maven.apache.org/maven2/org/codehaus/plexus/plexus-interpolation/1.21/plexus-interpolation-1.21.pom
2026-03-18 21:23:14,749 [Worker-22: Creating maven-archetype-webapp] INFO  o.e.m.c.i.e.AbstractTransferListenerAdapter - Downloading https://repo.maven.apache.org/maven2/org/apache/maven/maven-archiver/3.6.0/maven-archiver-3.6.0.jar
2026-03-18 21:23:14,964 [Worker-22: Creating maven-archetype-webapp] INFO  o.e.m.c.i.e.AbstractTransferListenerAdapter - Downloaded https://repo.maven.apache.org/maven2/org/apache/maven/maven-archiver/3.6.0/maven-archiver-3.6.0.jar
2026-03-18 21:23:15,171 [BasicRepositoryConnector-repo.maven.apache.org-0-2] INFO  o.e.m.c.i.e.AbstractTransferListenerAdapter - Downloading https://repo.maven.apache.org/maven2/org/codehaus/plexus/plexus-archiver/4.7.1/plexus-archiver-4.7.1.jar
2026-03-18 21:23:15,440 [BasicRepositoryConnector-repo.maven.apache.org-0-1] INFO  o.e.m.c.i.e.AbstractTransferListenerAdapter - Downloading https://repo.maven.apache.org/maven2/commons-io/commons-io/2.13.0/commons-io-2.13.0.jar
2026-03-18 21:23:15,471 [BasicRepositoryConnector-repo.maven.apache.org-0-0] INFO  o.e.m.c.i.e.AbstractTransferListenerAdapter - Downloading https://repo.maven.apache.org/maven2/org/codehaus/plexus/plexus-io/3.4.0/plexus-io-3.4.0.jar
2026-03-18 21:23:15,471 [BasicRepositoryConnector-repo.maven.apache.org-0-3] INFO  o.e.m.c.i.e.AbstractTransferListenerAdapter - Downloading https://repo.maven.apache.org/maven2/org/apache/commons/commons-compress/1.23.0/commons-compress-1.23.0.jar
2026-03-18 21:23:15,484 [BasicRepositoryConnector-repo.maven.apache.org-0-4] INFO  o.e.m.c.i.e.AbstractTransferListenerAdapter - Downloading https://repo.maven.apache.org/maven2/com/github/luben/zstd-jni/1.5.5-2/zstd-jni-1.5.5-2.jar
2026-03-18 21:23:15,593 [BasicRepositoryConnector-repo.maven.apache.org-0-2] INFO  o.e.m.c.i.e.AbstractTransferListenerAdapter - Downloaded https://repo.maven.apache.org/maven2/org/codehaus/plexus/plexus-archiver/4.7.1/plexus-archiver-4.7.1.jar
2026-03-18 21:23:15,609 [BasicRepositoryConnector-repo.maven.apache.org-0-0] INFO  o.e.m.c.i.e.AbstractTransferListenerAdapter - Downloaded https://repo.maven.apache.org/maven2/org/codehaus/plexus/plexus-io/3.4.0/plexus-io-3.4.0.jar
2026-03-18 21:23:15,714 [BasicRepositoryConnector-repo.maven.apache.org-0-2] INFO  o.e.m.c.i.e.AbstractTransferListenerAdapter - Downloading https://repo.maven.apache.org/maven2/org/apache/maven/shared/maven-mapping/3.0.0/maven-mapping-3.0.0.jar
2026-03-18 21:23:15,867 [BasicRepositoryConnector-repo.maven.apache.org-0-2] INFO  o.e.m.c.i.e.AbstractTransferListenerAdapter - Downloaded https://repo.maven.apache.org/maven2/org/apache/maven/shared/maven-mapping/3.0.0/maven-mapping-3.0.0.jar
2026-03-18 21:23:16,033 [BasicRepositoryConnector-repo.maven.apache.org-0-1] INFO  o.e.m.c.i.e.AbstractTransferListenerAdapter - Downloaded https://repo.maven.apache.org/maven2/commons-io/commons-io/2.13.0/commons-io-2.13.0.jar
2026-03-18 21:23:16,554 [BasicRepositoryConnector-repo.maven.apache.org-0-3] INFO  o.e.m.c.i.e.AbstractTransferListenerAdapter - Downloaded https://repo.maven.apache.org/maven2/org/apache/commons/commons-compress/1.23.0/commons-compress-1.23.0.jar
2026-03-18 21:23:20,909 [BasicRepositoryConnector-repo.maven.apache.org-0-4] INFO  o.e.m.c.i.e.AbstractTransferListenerAdapter - Downloaded https://repo.maven.apache.org/maven2/com/github/luben/zstd-jni/1.5.5-2/zstd-jni-1.5.5-2.jar
2026-03-18 21:23:21,546 [Worker-22: Creating maven-archetype-webapp] INFO  o.e.m.j.i.AbstractJavaProjectConfigurator - Adding source folder /servlet-first/src/main/java
2026-03-18 21:23:21,548 [Worker-22: Creating maven-archetype-webapp] INFO  o.e.m.j.i.AbstractJavaProjectConfigurator - Adding resource folder /servlet-first/src/main/resources
2026-03-18 21:23:21,549 [Worker-22: Creating maven-archetype-webapp] INFO  o.e.m.j.i.AbstractJavaProjectConfigurator - Adding source folder /servlet-first/src/test/java
2026-03-18 21:23:21,550 [Worker-22: Creating maven-archetype-webapp] INFO  o.e.m.j.i.AbstractJavaProjectConfigurator - Adding resource folder /servlet-first/src/test/resources
2026-03-18 21:23:22,661 [Worker-9: Download sources and javadoc] INFO  o.e.m.c.i.e.AbstractTransferListenerAdapter - Downloading https://repo.maven.apache.org/maven2/junit/junit/3.8.1/junit-3.8.1-sources.jar
2026-03-18 21:23:22,758 [Worker-9: Download sources and javadoc] INFO  o.e.m.c.i.e.AbstractTransferListenerAdapter - Downloaded https://repo.maven.apache.org/maven2/junit/junit/3.8.1/junit-3.8.1-sources.jar
2026-03-18 21:23:22,764 [Worker-9: Download sources and javadoc] INFO  o.e.m.j.internal.DownloadSourcesJob - Downloaded sources for junit:junit:3.8.1
2026-03-18 21:23:23,599 [Worker-22: Creating maven-archetype-webapp] INFO  o.e.m.c.i.p.ProjectConfigurationManager - Imported and configured 1 project(s) in 16 sec
2026-03-18 21:23:24,717 [Worker-15: Building] WARN  o.a.m.s.f.DefaultMavenResourcesFiltering - Using platform encoding (UTF-8 actually) to copy filtered resources, i.e. build is platform dependent!
2026-03-18 21:23:24,727 [Worker-15: Building] INFO  o.a.m.s.f.DefaultMavenResourcesFiltering - Copying 0 resource from src\main\resources to target\classes
2026-03-18 21:23:24,737 [Worker-15: Building] WARN  o.a.m.s.f.DefaultMavenResourcesFiltering - Using platform encoding (UTF-8 actually) to copy filtered resources, i.e. build is platform dependent!
2026-03-18 21:23:24,737 [Worker-15: Building] INFO  o.a.m.s.f.DefaultMavenResourcesFiltering - skip non existing resourceDirectory D:\JAVA_ADVANCE_QSP\servlet-first\src\test\resources
2026-03-18 21:25:21,318 [Worker-26: Building] INFO  o.e.m.c.i.l.LifecycleMappingFactory - Using org.maven.ide.eclipse.wtp.WarLifecycleMapping lifecycle mapping for MavenProject: com:servlet-first:0.0.1-SNAPSHOT @ D:\JAVA_ADVANCE_QSP\servlet-first\pom.xml.
2026-03-18 21:25:21,740 [Worker-26: Building] INFO  o.e.m.c.i.e.AbstractTransferListenerAdapter - Downloading https://repo.maven.apache.org/maven2/javax/servlet/javax.servlet-api/3.1.0/javax.servlet-api-3.1.0.pom
2026-03-18 21:25:21,767 [Worker-26: Building] INFO  o.e.m.c.i.e.AbstractTransferListenerAdapter - Downloaded https://repo.maven.apache.org/maven2/javax/servlet/javax.servlet-api/3.1.0/javax.servlet-api-3.1.0.pom
2026-03-18 21:25:22,030 [Worker-26: Building] INFO  o.e.m.c.i.e.AbstractTransferListenerAdapter - Downloading https://repo.maven.apache.org/maven2/net/java/jvnet-parent/3/jvnet-parent-3.pom
2026-03-18 21:25:22,053 [Worker-26: Building] INFO  o.e.m.c.i.e.AbstractTransferListenerAdapter - Downloaded https://repo.maven.apache.org/maven2/net/java/jvnet-parent/3/jvnet-parent-3.pom
2026-03-18 21:25:22,418 [Worker-26: Building] INFO  o.e.m.c.i.e.AbstractTransferListenerAdapter - Downloading https://repo.maven.apache.org/maven2/javax/servlet/javax.servlet-api/3.1.0/javax.servlet-api-3.1.0.jar
2026-03-18 21:25:22,991 [Worker-26: Building] INFO  o.e.m.c.i.e.AbstractTransferListenerAdapter - Downloaded https://repo.maven.apache.org/maven2/javax/servlet/javax.servlet-api/3.1.0/javax.servlet-api-3.1.0.jar
2026-03-18 21:25:25,221 [Worker-26: Building] WARN  o.a.m.s.f.DefaultMavenResourcesFiltering - Using platform encoding (UTF-8 actually) to copy filtered resources, i.e. build is platform dependent!
2026-03-18 21:25:25,224 [Worker-26: Building] INFO  o.a.m.s.f.DefaultMavenResourcesFiltering - Copying 0 resource from src\main\resources to target\classes
2026-03-18 21:25:25,227 [Worker-26: Building] WARN  o.a.m.s.f.DefaultMavenResourcesFiltering - Using platform encoding (UTF-8 actually) to copy filtered resources, i.e. build is platform dependent!
2026-03-18 21:25:25,228 [Worker-26: Building] INFO  o.a.m.s.f.DefaultMavenResourcesFiltering - skip non existing resourceDirectory D:\JAVA_ADVANCE_QSP\servlet-first\src\test\resources
2026-03-18 21:25:25,228 [Worker-26: Building] INFO  o.e.m.w.i.f.ResourceFilteringBuildParticipant - Changed resources require a complete clean of filtered resources of servlet-first
2026-03-18 21:25:25,253 [Worker-26: Building] INFO  o.e.m.w.i.f.ResourceFilteringBuildParticipant - Executing resource filtering for servlet-first
2026-03-18 21:25:26,459 [Worker-18: Download sources and javadoc] INFO  o.e.m.c.i.e.AbstractTransferListenerAdapter - Downloading https://repo.maven.apache.org/maven2/javax/servlet/javax.servlet-api/3.1.0/javax.servlet-api-3.1.0-sources.jar
2026-03-18 21:25:26,754 [Worker-18: Download sources and javadoc] INFO  o.e.m.c.i.e.AbstractTransferListenerAdapter - Downloaded https://repo.maven.apache.org/maven2/javax/servlet/javax.servlet-api/3.1.0/javax.servlet-api-3.1.0-sources.jar
2026-03-18 21:25:26,757 [Worker-18: Download sources and javadoc] INFO  o.e.m.j.internal.DownloadSourcesJob - Downloaded sources for javax.servlet:javax.servlet-api:3.1.0
2026-03-18 21:26:52,740 [Worker-14: Building] WARN  o.a.m.s.f.DefaultMavenResourcesFiltering - Using platform encoding (UTF-8 actually) to copy filtered resources, i.e. build is platform dependent!
2026-03-18 21:26:52,741 [Worker-14: Building] INFO  o.a.m.s.f.DefaultMavenResourcesFiltering - Copying 0 resource from src\main\resources to target\classes
2026-03-18 21:26:52,743 [Worker-14: Building] WARN  o.a.m.s.f.DefaultMavenResourcesFiltering - Using platform encoding (UTF-8 actually) to copy filtered resources, i.e. build is platform dependent!
2026-03-18 21:26:52,745 [Worker-14: Building] INFO  o.a.m.s.f.DefaultMavenResourcesFiltering - Copying 0 resource from src\test\resources to target\test-classes
2026-03-18 21:28:21,098 [Worker-18: Updating Maven Project] INFO  o.e.m.c.i.p.ProjectConfigurationManager - Update started
2026-03-18 21:28:21,236 [Worker-18: Updating Maven Project] INFO  o.e.m.c.i.l.LifecycleMappingFactory - Using org.maven.ide.eclipse.wtp.WarLifecycleMapping lifecycle mapping for MavenProject: com:servlet-first:0.0.1-SNAPSHOT @ D:\JAVA_ADVANCE_QSP\servlet-first\pom.xml.
2026-03-18 21:28:21,663 [Worker-18: Updating Maven Project] INFO  o.e.m.j.i.AbstractJavaProjectConfigurator - Adding source folder /servlet-first/src/main/java
2026-03-18 21:28:21,664 [Worker-18: Updating Maven Project] INFO  o.e.m.j.i.AbstractJavaProjectConfigurator - Adding resource folder /servlet-first/src/main/resources
2026-03-18 21:28:21,664 [Worker-18: Updating Maven Project] INFO  o.e.m.j.i.AbstractJavaProjectConfigurator - Adding source folder /servlet-first/src/test/java
2026-03-18 21:28:21,665 [Worker-18: Updating Maven Project] INFO  o.e.m.j.i.AbstractJavaProjectConfigurator - Adding resource folder /servlet-first/src/test/resources
2026-03-18 21:28:22,604 [Worker-18: Updating Maven Project] INFO  o.e.m.w.i.f.ResourceFilteringBuildParticipant - Cleaning filtered folder for servlet-first
2026-03-18 21:28:22,651 [Worker-18: Updating Maven Project] INFO  o.e.m.c.i.p.ProjectConfigurationManager - Update completed for 1 poms: local refresh takes 0.00 sec, refresh facades takes 0.00 sec, update config takes 0.00 sec 
2026-03-18 21:28:22,836 [Worker-33: Building] WARN  o.a.m.s.f.DefaultMavenResourcesFiltering - Using platform encoding (UTF-8 actually) to copy filtered resources, i.e. build is platform dependent!
2026-03-18 21:28:22,837 [Worker-33: Building] INFO  o.a.m.s.f.DefaultMavenResourcesFiltering - Copying 0 resource from src\main\resources to target\classes
2026-03-18 21:28:22,842 [Worker-33: Building] WARN  o.a.m.s.f.DefaultMavenResourcesFiltering - Using platform encoding (UTF-8 actually) to copy filtered resources, i.e. build is platform dependent!
2026-03-18 21:28:22,843 [Worker-33: Building] INFO  o.a.m.s.f.DefaultMavenResourcesFiltering - Copying 0 resource from src\test\resources to target\test-classes
2026-03-18 21:28:22,844 [Worker-33: Building] INFO  o.e.m.w.i.f.ResourceFilteringBuildParticipant - Changed resources require a complete clean of filtered resources of servlet-first
2026-03-18 21:28:22,844 [Worker-33: Building] INFO  o.e.m.w.i.f.ResourceFilteringBuildParticipant - Executing resource filtering for servlet-first
2026-03-18 21:37:39,796 [Worker-7: Loading available Gradle versions] INFO  o.e.b.c.i.u.g.PublishedGradleVersions - Gradle version information cache is up-to-date. Trying to read.
2026-03-18 21:45:21,547 [Worker-5: Loading available Gradle versions] INFO  o.e.b.c.i.u.g.PublishedGradleVersions - Gradle version information cache is up-to-date. Trying to read.
2026-03-18 22:10:11,541 [Worker-30: Importing Maven projects] ERROR o.e.m.c.i.p.ProjectConfigurationManager - Project jdbc-first already exists
2026-03-18 22:10:11,581 [Worker-30: Importing Maven projects] INFO  o.e.m.c.i.p.ProjectConfigurationManager - Imported and configured 1 project(s) in 0 sec
